timestamp,value,expected,from,to,anomaly
2013-01-01,8,6,5,8,FALSE
2013-01-02,21,17,13,20,FALSE
2013-01-03,17,14,11,16,FALSE
2013-01-04,26,31,25,37,FALSE
2013-01-05,22,26,21,32,FALSE
2013-01-06,24,29,23,35,FALSE
2013-01-07,26,21,17,25,FALSE
2013-01-08,33,26,21,32,FALSE
2013-01-09,29,23,19,28,FALSE
2013-01-10,46,37,29,44,FALSE
2013-01-11,34,30,24,37,FALSE
2013-01-12,16,19,15,23,FALSE
2013-01-13,17,20,16,24,FALSE
2013-01-14,31,25,20,30,FALSE
2013-01-15,24,19,15,23,FALSE
2013-01-16,29,23,19,28,FALSE
2013-01-17,55,61,49,74,FALSE
2013-01-18,27,28,23,34,FALSE
2013-01-19,18,22,17,26,FALSE
2013-01-20,15,18,14,22,FALSE
2013-01-21,29,23,19,28,FALSE
2013-01-22,25,20,16,24,FALSE
2013-01-23,33,26,21,32,FALSE
2013-01-24,66,78,62,94,FALSE
2013-01-25,74,89,71,107,FALSE
2013-01-26,43,52,41,62,FALSE
2013-01-27,43,52,41,62,FALSE
2013-01-28,39,31,25,37,FALSE
2013-01-29,55,44,35,53,FALSE
2013-01-30,34,27,22,33,FALSE
2013-01-31,41,33,26,39,FALSE
2013-02-01,42,38,31,46,FALSE
2013-02-02,39,47,37,56,FALSE
2013-02-03,22,26,21,32,FALSE
2013-02-04,48,38,31,46,FALSE
2013-02-05,53,42,34,51,FALSE
2013-02-06,42,34,27,40,FALSE
2013-02-07,39,31,25,37,FALSE
2013-02-08,53,64,51,76,FALSE
2013-02-09,35,42,34,50,FALSE
2013-02-10,29,35,28,42,FALSE
2013-02-11,42,34,27,40,FALSE
2013-02-12,54,43,35,52,FALSE
2013-02-13,40,32,26,38,FALSE
2013-02-14,75,89,71,107,FALSE
2013-02-15,81,97,78,117,FALSE
2013-02-16,43,52,41,62,FALSE
2013-02-17,51,61,49,73,FALSE
2013-02-18,65,52,42,62,FALSE
2013-02-19,45,36,29,43,FALSE
2013-02-20,43,34,28,41,FALSE
2013-02-21,68,80,64,97,FALSE
2013-02-22,43,46,37,56,FALSE
2013-02-23,33,40,32,48,FALSE
2013-02-24,38,46,36,55,FALSE
2013-02-25,34,27,22,33,FALSE
2013-02-26,70,83,66,100,FALSE
2013-02-27,33,26,21,32,FALSE
2013-02-28,46,37,29,44,FALSE
2013-03-01,62,74,60,89,FALSE
2013-03-02,33,40,32,48,FALSE
2013-03-03,35,42,34,50,FALSE
2013-03-04,49,39,31,47,FALSE
2013-03-05,44,35,28,42,FALSE
2013-03-06,59,47,38,57,FALSE
2013-03-07,62,50,40,60,FALSE
2013-03-08,65,54,43,65,FALSE
2013-03-09,41,49,39,59,FALSE
2013-03-10,41,49,39,59,FALSE
2013-03-11,51,41,33,49,FALSE
2013-03-12,67,54,43,64,FALSE
2013-03-13,33,26,21,32,FALSE
2013-03-14,63,50,40,60,FALSE
2013-03-15,60,72,58,86,FALSE
2013-03-16,24,29,23,35,FALSE
2013-03-17,21,25,20,30,FALSE
2013-03-18,32,26,20,31,FALSE
2013-03-19,47,38,30,45,FALSE
2013-03-20,48,38,31,46,FALSE
2013-03-21,102,95,76,114,FALSE
2013-03-22,77,67,54,81,FALSE
2013-03-23,46,55,44,66,FALSE
2013-03-24,56,67,54,81,FALSE
2013-03-25,73,90,72,108,FALSE
2013-03-26,46,37,29,44,FALSE
2013-03-27,72,58,46,69,FALSE
2013-03-28,67,54,43,64,FALSE
2013-03-29,65,63,50,75,FALSE
2013-03-30,50,60,48,72,FALSE
2013-03-31,47,56,45,68,FALSE
2013-04-01,81,65,52,78,FALSE
2013-04-02,65,52,42,62,FALSE
2013-04-03,108,125,100,150,FALSE
2013-04-04,106,121,97,145,FALSE
2013-04-05,110,132,106,158,FALSE
2013-04-06,68,82,65,98,FALSE
2013-04-07,56,67,54,81,FALSE
2013-04-08,76,61,49,73,FALSE
2013-04-09,63,50,40,60,FALSE
2013-04-10,117,126,101,152,FALSE
2013-04-11,92,74,59,88,FALSE
2013-04-12,105,126,101,151,FALSE
2013-04-13,55,66,53,79,FALSE
2013-04-14,58,70,56,84,FALSE
2013-04-15,68,54,44,65,FALSE
2013-04-16,75,60,48,72,FALSE
2013-04-17,79,63,51,76,FALSE
2013-04-18,128,112,90,134,FALSE
2013-04-19,84,79,63,94,FALSE
2013-04-20,30,36,29,43,FALSE
2013-04-21,44,53,42,63,FALSE
2013-04-22,72,58,46,69,FALSE
2013-04-23,82,66,52,79,FALSE
2013-04-24,76,61,49,73,FALSE
2013-04-25,127,113,91,136,FALSE
2013-04-26,80,77,62,93,FALSE
2013-04-27,52,62,50,75,FALSE
2013-04-28,67,80,64,96,FALSE
2013-04-29,63,50,40,60,FALSE
2013-04-30,47,38,30,45,FALSE
2013-05-01,38,30,24,36,FALSE
2013-05-02,74,83,66,100,FALSE
2013-05-03,53,49,39,58,FALSE
2013-05-04,26,31,25,37,FALSE
2013-05-05,30,36,29,43,FALSE
2013-05-06,49,39,31,47,FALSE
2013-05-07,32,26,20,31,FALSE
2013-05-08,53,42,34,51,FALSE
2013-05-09,57,46,36,55,FALSE
2013-05-10,42,46,37,56,FALSE
2013-05-11,38,46,36,55,FALSE
2013-05-12,38,46,36,55,FALSE
2013-05-13,60,48,38,58,FALSE
2013-05-14,64,51,41,61,FALSE
2013-05-15,81,65,52,78,FALSE
2013-05-16,96,109,87,131,FALSE
2013-05-17,89,81,65,97,FALSE
2013-05-18,78,94,75,112,FALSE
2013-05-19,77,92,74,111,FALSE
2013-05-20,84,67,54,81,FALSE
2013-05-21,50,40,32,48,FALSE
2013-05-22,63,50,40,60,FALSE
2013-05-23,123,112,89,134,FALSE
2013-05-24,107,128,103,154,FALSE
2013-05-25,40,48,38,58,FALSE
2013-05-26,33,40,32,48,FALSE
2013-05-27,64,51,41,61,FALSE
2013-05-28,95,109,87,130,FALSE
2013-05-29,72,58,46,69,FALSE
2013-05-30,59,47,38,57,FALSE
2013-05-31,70,64,51,77,FALSE
2013-06-01,41,49,39,59,FALSE
2013-06-02,38,46,36,55,FALSE
2013-06-03,74,87,70,104,FALSE
2013-06-04,62,50,40,60,FALSE
2013-06-05,57,46,36,55,FALSE
2013-06-06,76,61,49,73,FALSE
2013-06-07,69,64,51,77,FALSE
2013-06-08,57,68,55,82,FALSE
2013-06-09,55,66,53,79,FALSE
2013-06-10,78,90,72,108,FALSE
2013-06-11,68,54,44,65,FALSE
2013-06-12,54,43,35,52,FALSE
2013-06-13,68,54,44,65,FALSE
2013-06-14,44,55,44,66,FALSE
2013-06-15,42,50,40,60,FALSE
2013-06-16,33,40,32,48,FALSE
2013-06-17,65,52,42,62,FALSE
2013-06-18,82,102,82,123,FALSE
2013-06-19,63,50,40,60,FALSE
2013-06-20,86,96,77,115,FALSE
2013-06-21,65,61,49,74,FALSE
2013-06-22,25,30,24,36,FALSE
2013-06-23,37,44,36,53,FALSE
2013-06-24,78,83,66,100,FALSE
2013-06-25,60,48,38,58,FALSE
2013-06-26,45,36,29,43,FALSE
2013-06-27,63,50,40,60,FALSE
2013-06-28,51,52,42,62,FALSE
2013-06-29,44,53,42,63,FALSE
2013-06-30,26,31,25,37,FALSE
2013-07-01,71,74,59,89,FALSE
2013-07-02,35,28,22,34,FALSE
2013-07-03,54,43,35,52,FALSE
2013-07-04,49,39,31,47,FALSE
2013-07-05,38,42,34,51,FALSE
2013-07-06,29,35,28,42,FALSE
2013-07-07,32,38,31,46,FALSE
2013-07-08,50,40,32,48,FALSE
2013-07-09,49,39,31,47,FALSE
2013-07-10,71,57,45,68,FALSE
2013-07-11,88,90,72,108,FALSE
2013-07-12,54,59,47,71,FALSE
2013-07-13,25,30,24,36,FALSE
2013-07-14,20,24,19,29,FALSE
2013-07-15,78,88,71,106,FALSE
2013-07-16,89,104,83,124,FALSE
2013-07-17,54,43,35,52,FALSE
2013-07-18,60,48,38,58,FALSE
2013-07-19,110,132,106,158,FALSE
2013-07-20,49,59,47,71,FALSE
2013-07-21,37,44,36,53,FALSE
2013-07-22,84,95,76,114,FALSE
2013-07-23,60,48,38,58,FALSE
2013-07-24,69,55,44,66,FALSE
2013-07-25,72,58,46,69,FALSE
2013-07-26,59,59,47,70,FALSE
2013-07-27,33,40,32,48,FALSE
2013-07-28,26,31,25,37,FALSE
2013-07-29,73,83,66,99,FALSE
2013-07-30,51,41,33,49,FALSE
2013-07-31,75,60,48,72,FALSE
2013-08-01,64,51,41,61,FALSE
2013-08-02,61,52,42,63,FALSE
2013-08-03,21,25,20,30,FALSE
2013-08-04,19,23,18,27,FALSE
2013-08-05,55,44,35,53,FALSE
2013-08-06,55,44,35,53,FALSE
2013-08-07,77,62,49,74,FALSE
2013-08-08,83,101,81,121,FALSE
2013-08-09,84,72,57,86,FALSE
2013-08-10,65,78,62,94,FALSE
2013-08-11,36,43,35,52,FALSE
2013-08-12,82,99,79,118,FALSE
2013-08-13,90,111,89,134,FALSE
2013-08-14,61,49,39,59,FALSE
2013-08-15,67,54,43,64,FALSE
2013-08-16,108,130,104,156,FALSE
2013-08-17,49,59,47,71,FALSE
2013-08-18,52,62,50,75,FALSE
2013-08-19,54,43,35,52,FALSE
2013-08-20,66,53,42,63,FALSE
2013-08-21,43,34,28,41,FALSE
2013-08-22,59,47,38,57,FALSE
2013-08-23,57,61,49,73,FALSE
2013-08-24,45,54,43,65,FALSE
2013-08-25,71,85,68,102,FALSE
2013-08-26,96,102,82,122,FALSE
2013-08-27,100,118,95,142,FALSE
2013-08-28,75,60,48,72,FALSE
2013-08-29,86,69,55,83,FALSE
2013-08-30,71,72,58,86,FALSE
2013-08-31,53,64,51,76,FALSE
2013-09-01,85,102,82,122,FALSE
2013-09-02,62,50,40,60,FALSE
2013-09-03,69,55,44,66,FALSE
2013-09-04,63,50,40,60,FALSE
2013-09-05,84,101,81,121,FALSE
2013-09-06,96,115,92,138,FALSE
2013-09-07,32,38,31,46,FALSE
2013-09-08,29,35,28,42,FALSE
2013-09-09,83,88,70,105,FALSE
2013-09-10,62,50,40,60,FALSE
2013-09-11,61,49,39,59,FALSE
2013-09-12,49,39,31,47,FALSE
2013-09-13,54,57,46,68,FALSE
2013-09-14,56,67,54,81,FALSE
2013-09-15,63,76,60,91,FALSE
2013-09-16,70,56,45,67,FALSE
2013-09-17,82,66,52,79,FALSE
2013-09-18,59,47,38,57,FALSE
2013-09-19,62,50,40,60,FALSE
2013-09-20,81,97,78,117,FALSE
2013-09-21,52,62,50,75,FALSE
2013-09-22,37,44,36,53,FALSE
2013-09-23,90,97,78,117,FALSE
2013-09-24,80,64,51,77,FALSE
2013-09-25,66,53,42,63,FALSE
2013-09-26,86,105,84,126,FALSE
2013-09-27,74,71,56,85,FALSE
2013-09-28,71,85,68,102,FALSE
2013-09-29,56,67,54,81,FALSE
2013-09-30,69,55,44,66,FALSE
2013-10-01,70,56,45,67,FALSE
2013-10-02,60,48,38,58,FALSE
2013-10-03,77,62,49,74,FALSE
2013-10-04,70,66,53,79,FALSE
2013-10-05,40,48,38,58,FALSE
2013-10-06,58,70,56,84,FALSE
2013-10-07,71,57,45,68,FALSE
2013-10-08,80,64,51,77,FALSE
2013-10-09,104,124,99,149,FALSE
2013-10-10,83,66,53,80,FALSE
2013-10-11,127,152,122,183,FALSE
2013-10-12,54,65,52,78,FALSE
2013-10-13,41,49,39,59,FALSE
2013-10-14,92,113,90,135,FALSE
2013-10-15,98,78,63,94,FALSE
2013-10-16,98,78,63,94,FALSE
2013-10-17,91,73,58,87,FALSE
2013-10-18,95,90,72,108,FALSE
2013-10-19,52,62,50,75,FALSE
2013-10-20,50,60,48,72,FALSE
2013-10-21,142,123,99,148,FALSE
2013-10-22,108,86,69,104,FALSE
2013-10-23,97,78,62,93,FALSE
2013-10-24,117,126,101,152,FALSE
2013-10-25,86,88,70,106,FALSE
2013-10-26,53,64,51,76,FALSE
2013-10-27,50,60,48,72,FALSE
2013-10-28,92,104,83,125,FALSE
2013-10-29,61,49,39,59,FALSE
2013-10-30,95,111,89,133,FALSE
2013-10-31,92,104,83,125,FALSE
2013-11-01,56,69,55,83,FALSE
2013-11-02,36,43,35,52,FALSE
2013-11-03,40,48,38,58,FALSE
2013-11-04,69,55,44,66,FALSE
2013-11-05,104,123,98,147,FALSE
2013-11-06,87,70,56,84,FALSE
2013-11-07,102,82,65,98,FALSE
2013-11-08,171,205,164,246,FALSE
2013-11-09,49,59,47,71,FALSE
2013-11-10,77,92,74,111,FALSE
2013-11-11,73,58,47,70,FALSE
2013-11-12,98,78,63,94,FALSE
2013-11-13,103,128,102,153,FALSE
2013-11-14,112,122,97,146,FALSE
2013-11-15,88,88,70,106,FALSE
2013-11-16,65,78,62,94,FALSE
2013-11-17,59,71,57,85,FALSE
2013-11-18,65,52,42,62,FALSE
2013-11-19,98,78,63,94,FALSE
2013-11-20,92,74,59,88,FALSE
2013-11-21,144,123,98,147,FALSE
2013-11-22,88,88,70,105,FALSE
2013-11-23,47,56,45,68,FALSE
2013-11-24,59,71,57,85,FALSE
2013-11-25,66,53,42,63,FALSE
2013-11-26,92,74,59,88,FALSE
2013-11-27,120,124,99,148,FALSE
2013-11-28,102,119,95,142,FALSE
2013-11-29,84,86,69,103,FALSE
2013-11-30,42,50,40,60,FALSE
2013-12-01,47,56,45,68,FALSE
2013-12-02,93,74,60,89,FALSE
2013-12-03,113,90,72,108,FALSE
2013-12-04,149,154,123,185,FALSE
2013-12-05,168,149,119,179,FALSE
2013-12-06,103,112,90,135,FALSE
2013-12-07,72,86,69,104,FALSE
2013-12-08,84,101,81,121,FALSE
2013-12-09,105,118,94,141,FALSE
2013-12-10,83,66,53,80,FALSE
2013-12-11,94,117,93,140,FALSE
2013-12-12,67,54,43,64,FALSE
2013-12-13,75,68,54,82,FALSE
2013-12-14,29,35,28,42,FALSE
2013-12-15,35,42,34,50,FALSE
2013-12-16,67,54,43,64,FALSE
2013-12-17,85,104,83,125,FALSE
2013-12-18,83,66,53,80,FALSE
2013-12-19,64,51,41,61,FALSE
2013-12-20,64,56,45,67,FALSE
2013-12-21,25,30,24,36,FALSE
2013-12-22,29,35,28,42,FALSE
2013-12-23,47,38,30,45,FALSE
2013-12-24,51,41,33,49,FALSE
2013-12-25,25,20,16,24,FALSE
2013-12-26,67,80,64,96,FALSE
2013-12-27,49,50,40,60,FALSE
2013-12-28,34,41,33,49,FALSE
2013-12-29,40,48,38,58,FALSE
2013-12-30,76,78,62,93,FALSE
2013-12-31,59,47,38,57,FALSE
2014-01-01,0,0,0,0,FALSE
2014-01-02,57,46,36,55,FALSE
2014-01-03,67,80,64,96,FALSE
2014-01-04,38,46,36,55,FALSE
2014-01-05,37,44,36,53,FALSE
2014-01-06,52,42,33,50,FALSE
2014-01-07,104,119,95,143,FALSE
2014-01-08,81,65,52,78,FALSE
2014-01-09,123,123,98,147,FALSE
2014-01-10,96,95,76,114,FALSE
2014-01-11,58,70,56,84,FALSE
2014-01-12,76,91,73,109,FALSE
2014-01-13,118,127,102,152,FALSE
2014-01-14,127,140,112,169,FALSE
2014-01-15,95,76,61,91,FALSE
2014-01-16,116,129,103,155,FALSE
2014-01-17,85,92,74,111,FALSE
2014-01-18,60,72,58,86,FALSE
2014-01-19,64,77,61,92,FALSE
2014-01-20,90,72,58,86,FALSE
2014-01-21,102,82,65,98,FALSE
2014-01-22,123,141,113,169,FALSE
2014-01-23,124,137,110,164,FALSE
2014-01-24,112,106,85,127,FALSE
2014-01-25,90,108,86,130,FALSE
2014-01-26,61,73,59,88,FALSE
2014-01-27,108,123,98,147,FALSE
2014-01-28,112,131,105,158,FALSE
2014-01-29,95,76,61,91,FALSE
2014-01-30,84,67,54,81,FALSE
2014-01-31,84,84,67,101,FALSE
2014-02-01,37,44,36,53,FALSE
2014-02-02,46,55,44,66,FALSE
2014-02-03,115,125,100,150,FALSE
2014-02-04,133,152,122,183,FALSE
2014-02-05,128,102,82,123,FALSE
2014-02-06,98,78,63,94,FALSE
2014-02-07,194,233,186,279,FALSE
2014-02-08,163,196,156,235,FALSE
2014-02-09,111,133,107,160,FALSE
2014-02-10,188,195,156,233,FALSE
2014-02-11,199,211,169,254,FALSE
2014-02-12,166,133,106,159,FALSE
2014-02-13,175,205,164,247,FALSE
2014-02-14,206,173,139,208,FALSE
2014-02-15,124,149,119,179,FALSE
2014-02-16,126,151,121,181,FALSE
2014-02-17,178,206,165,247,FALSE
2014-02-18,254,219,176,263,FALSE
2014-02-19,153,122,98,147,FALSE
2014-02-20,191,205,164,245,FALSE
2014-02-21,160,166,133,199,FALSE
2014-02-22,127,152,122,183,FALSE
2014-02-23,122,146,117,176,FALSE
2014-02-24,156,174,139,209,FALSE
2014-02-25,155,182,145,218,FALSE
2014-02-26,170,179,143,215,FALSE
2014-02-27,126,101,81,121,FALSE
2014-02-28,114,133,106,159,FALSE
2014-03-01,77,92,74,111,FALSE
2014-03-02,101,121,97,145,FALSE
2014-03-03,189,170,136,204,FALSE
2014-03-04,188,188,150,225,FALSE
2014-03-05,147,118,94,141,FALSE
2014-03-06,122,98,78,117,FALSE
2014-03-07,156,145,116,174,FALSE
2014-03-08,114,137,109,164,FALSE
2014-03-09,98,118,94,141,FALSE
2014-03-10,179,171,137,205,FALSE
2014-03-11,173,183,146,220,FALSE
2014-03-12,145,116,93,139,FALSE
2014-03-13,134,107,86,129,FALSE
2014-03-14,116,133,106,159,FALSE
2014-03-15,159,191,153,229,FALSE
2014-03-16,112,134,108,161,FALSE
2014-03-17,143,156,125,187,FALSE
2014-03-18,123,98,79,118,FALSE
2014-03-19,143,171,137,205,FALSE
2014-03-20,128,102,82,123,FALSE
2014-03-21,174,209,167,251,FALSE
2014-03-22,86,103,83,124,FALSE
2014-03-23,84,101,81,121,FALSE
2014-03-24,165,168,134,201,FALSE
2014-03-25,161,183,146,220,FALSE
2014-03-26,169,186,149,223,FALSE
2014-03-27,143,177,141,212,FALSE
2014-03-28,152,140,112,167,FALSE
2014-03-29,103,124,99,148,FALSE
2014-03-30,111,133,107,160,FALSE
2014-03-31,113,90,72,108,FALSE
2014-04-01,149,185,148,222,FALSE
2014-04-02,175,185,148,222,FALSE
2014-04-03,176,179,144,215,FALSE
2014-04-04,173,146,117,175,FALSE
2014-04-05,87,104,84,125,FALSE
2014-04-06,81,97,78,117,FALSE
2014-04-07,142,170,136,204,FALSE
2014-04-08,188,184,147,221,FALSE
2014-04-09,159,192,154,231,FALSE
2014-04-10,137,110,88,132,FALSE
2014-04-11,177,158,126,189,FALSE
2014-04-12,146,175,140,210,FALSE
2014-04-13,116,139,111,167,FALSE
2014-04-14,202,188,150,226,FALSE
2014-04-15,177,197,157,236,FALSE
2014-04-16,137,110,88,132,FALSE
2014-04-17,160,174,139,209,FALSE
2014-04-18,128,132,106,159,FALSE
2014-04-19,86,103,83,124,FALSE
2014-04-20,78,94,75,112,FALSE
2014-04-21,126,101,81,121,FALSE
2014-04-22,183,182,146,218,FALSE
2014-04-23,182,189,151,226,FALSE
2014-04-24,165,184,147,220,FALSE
2014-04-25,126,152,122,183,FALSE
2014-04-26,120,144,115,173,FALSE
2014-04-27,172,206,165,248,FALSE
2014-04-28,190,178,143,214,FALSE
2014-04-29,161,188,150,226,FALSE
2014-04-30,161,180,144,216,FALSE
2014-05-01,96,77,61,92,FALSE
2014-05-02,144,128,102,153,FALSE
2014-05-03,73,88,70,105,FALSE
2014-05-04,86,103,83,124,FALSE
2014-05-05,148,155,124,186,FALSE
2014-05-06,141,173,138,207,FALSE
2014-05-07,132,106,84,127,FALSE
2014-05-08,175,169,135,203,FALSE
2014-05-09,140,136,109,163,FALSE
2014-05-10,97,116,93,140,FALSE
2014-05-11,97,116,93,140,FALSE
2014-05-12,134,163,130,196,FALSE
2014-05-13,167,169,135,202,FALSE
2014-05-14,173,157,126,188,FALSE
2014-05-15,127,146,116,175,FALSE
2014-05-16,12,10,8,12,FALSE
2014-05-17,20,22,18,27,FALSE
2014-05-18,85,102,82,122,FALSE
2014-05-19,169,203,162,243,FALSE
2014-05-20,158,155,124,186,FALSE
2014-05-21,70,56,45,67,FALSE
2014-05-22,131,149,119,179,FALSE
2014-05-23,105,112,89,134,FALSE
2014-05-24,79,95,76,114,FALSE
2014-05-25,100,120,96,144,FALSE
2014-05-26,114,91,73,109,FALSE
2014-05-27,109,87,70,105,FALSE
2014-05-28,138,164,131,197,FALSE
2014-05-29,180,159,127,191,FALSE
2014-05-30,126,126,101,152,FALSE
2014-05-31,87,104,84,125,FALSE
2014-06-01,69,83,66,99,FALSE
2014-06-02,112,90,72,108,FALSE
2014-06-03,192,183,147,220,FALSE
2014-06-04,190,187,150,225,FALSE
2014-06-05,165,179,143,215,FALSE
2014-06-06,146,140,112,168,FALSE
2014-06-07,92,110,88,132,FALSE
2014-06-08,69,83,66,99,FALSE
2014-06-09,142,157,125,188,FALSE
2014-06-10,147,177,142,213,FALSE
2014-06-11,126,101,81,121,FALSE
2014-06-12,167,180,144,217,FALSE
2014-06-13,192,230,184,276,FALSE
2014-06-14,117,140,112,168,FALSE
2014-06-15,90,85,68,102,FALSE
2014-06-16,193,200,160,240,FALSE
2014-06-17,200,221,177,265,FALSE
2014-06-18,206,228,182,273,FALSE
2014-06-19,226,223,178,267,FALSE
2014-06-20,195,184,147,221,FALSE
2014-06-21,157,188,151,226,FALSE
2014-06-22,135,162,130,194,FALSE
2014-06-23,171,185,148,222,FALSE
2014-06-24,143,114,92,137,FALSE
2014-06-25,146,117,93,140,FALSE
2014-06-26,148,174,140,209,FALSE
2014-06-27,150,138,110,165,FALSE
2014-06-28,105,126,101,151,FALSE
2014-06-29,86,103,83,124,FALSE
2014-06-30,170,151,121,181,FALSE
2014-07-01,108,86,69,104,FALSE
2014-07-02,106,85,68,102,FALSE
2014-07-03,131,140,112,168,FALSE
2014-07-04,99,106,85,128,FALSE
2014-07-05,56,67,54,81,FALSE
2014-07-06,76,91,73,109,FALSE
2014-07-07,125,145,116,174,FALSE
2014-07-08,150,167,133,200,FALSE
2014-07-09,147,171,137,205,FALSE
2014-07-10,150,166,132,199,FALSE
2014-07-11,151,133,106,160,FALSE
2014-07-12,95,114,91,137,FALSE
2014-07-13,77,92,74,111,FALSE
2014-07-14,127,102,81,122,FALSE
2014-07-15,180,184,147,221,FALSE
2014-07-16,174,195,156,234,FALSE
2014-07-17,174,195,156,234,FALSE
2014-07-18,134,107,86,129,FALSE
2014-07-19,146,175,140,210,FALSE
2014-07-20,190,228,182,274,FALSE
2014-07-21,294,249,199,298,FALSE
2014-07-22,263,266,213,319,FALSE
2014-07-23,237,266,213,319,FALSE
2014-07-24,219,247,198,296,FALSE
2014-07-25,237,200,160,241,FALSE
2014-07-26,110,110,88,132,FALSE
2014-07-27,134,161,129,193,FALSE
2014-07-28,183,210,168,252,FALSE
2014-07-29,184,224,179,268,FALSE
2014-07-30,228,225,180,270,FALSE
2014-07-31,213,214,172,257,FALSE
2014-08-01,187,178,142,213,FALSE
2014-08-02,117,140,112,168,FALSE
2014-08-03,104,90,72,108,FALSE
2014-08-04,187,199,159,238,FALSE
2014-08-05,205,217,174,261,FALSE
2014-08-06,199,219,175,263,FALSE
2014-08-07,175,217,174,260,FALSE
2014-08-08,191,187,150,225,FALSE
2014-08-09,169,203,162,243,FALSE
2014-08-10,182,218,175,262,FALSE
2014-08-11,191,216,173,260,FALSE
2014-08-12,216,230,184,276,FALSE
2014-08-13,186,230,184,276,FALSE
2014-08-14,225,219,175,263,FALSE
2014-08-15,139,111,89,133,FALSE
2014-08-16,155,186,149,223,FALSE
2014-08-17,161,193,155,232,FALSE
2014-08-18,254,238,191,286,FALSE
2014-08-19,249,255,204,306,FALSE
2014-08-20,255,254,203,305,FALSE
2014-08-21,183,146,117,176,FALSE
2014-08-22,205,201,161,241,FALSE
2014-08-23,148,178,142,213,FALSE
2014-08-24,157,188,151,226,FALSE
2014-08-25,197,204,164,245,FALSE
2014-08-26,189,212,170,255,FALSE
2014-08-27,171,205,164,247,FALSE
2014-08-28,178,187,150,224,FALSE
2014-08-29,139,146,117,175,FALSE
2014-08-30,93,112,89,134,FALSE
2014-08-31,93,112,89,134,FALSE
2014-09-01,137,168,135,202,FALSE
2014-09-02,134,107,86,129,FALSE
2014-09-03,187,194,155,233,FALSE
2014-09-04,192,198,159,238,FALSE
2014-09-05,179,175,140,209,FALSE
2014-09-06,110,105,84,126,FALSE
2014-09-07,139,119,95,142,FALSE
2014-09-08,262,239,191,287,FALSE
2014-09-09,250,265,212,317,FALSE
2014-09-10,271,269,216,323,FALSE
2014-09-11,267,262,210,315,FALSE
2014-09-12,195,226,181,271,FALSE
2014-09-13,286,343,275,412,FALSE
2014-09-14,143,142,114,171,FALSE
2014-09-15,270,255,204,306,FALSE
2014-09-16,239,275,220,330,FALSE
2014-09-17,250,278,222,334,FALSE
2014-09-18,298,270,216,325,FALSE
2014-09-19,238,235,188,282,FALSE
2014-09-20,167,149,119,179,FALSE
2014-09-21,157,146,117,175,FALSE
2014-09-22,42,34,27,40,FALSE
2014-09-23,21,249,199,299,TRUE
2014-09-24,183,146,117,176,FALSE
2014-09-25,232,216,172,259,FALSE
2014-09-26,173,172,138,207,FALSE
2014-09-27,116,139,111,167,FALSE
2014-09-28,104,125,100,150,FALSE
2014-09-29,158,180,144,216,FALSE
2014-09-30,156,194,155,233,FALSE
2014-10-01,161,191,152,229,FALSE
2014-10-02,198,185,148,222,FALSE
2014-10-03,146,151,121,181,FALSE
2014-10-04,89,107,85,128,FALSE
2014-10-05,100,120,96,144,FALSE
2014-10-06,183,196,157,236,FALSE
2014-10-07,188,221,177,265,FALSE
2014-10-08,225,232,186,279,FALSE
2014-10-09,231,232,186,278,FALSE
2014-10-10,207,200,160,240,FALSE
2014-10-11,208,250,200,300,FALSE
2014-10-12,137,122,98,147,FALSE
2014-10-13,198,236,189,284,FALSE
2014-10-14,213,255,204,306,FALSE
2014-10-15,299,256,205,307,FALSE
2014-10-16,204,163,131,196,FALSE
2014-10-17,201,239,192,287,FALSE
2014-10-18,245,294,235,353,FALSE
2014-10-19,207,248,199,298,FALSE
2014-10-20,359,431,345,517,FALSE
2014-10-21,214,171,137,205,FALSE
2014-10-22,281,284,227,341,FALSE
2014-10-23,290,259,207,311,FALSE
2014-10-24,173,209,167,251,FALSE
2014-10-25,141,169,135,203,FALSE
2014-10-26,121,105,84,126,FALSE
2014-10-27,153,122,98,147,FALSE
2014-10-28,220,228,182,274,FALSE
2014-10-29,214,228,183,274,FALSE
2014-10-30,252,226,181,271,FALSE
2014-10-31,145,116,93,139,FALSE
2014-11-01,157,188,151,226,FALSE
2014-11-02,160,192,154,230,FALSE
2014-11-03,225,235,188,282,FALSE
2014-11-04,197,158,126,189,FALSE
2014-11-05,304,256,205,308,FALSE
2014-11-06,227,246,197,295,FALSE
2014-11-07,194,209,167,251,FALSE
2014-11-08,152,182,146,219,FALSE
2014-11-09,147,176,141,212,FALSE
2014-11-10,219,228,182,273,FALSE
2014-11-11,251,245,196,294,FALSE
2014-11-12,209,245,196,293,FALSE
2014-11-13,162,130,104,156,FALSE
2014-11-14,260,312,250,374,FALSE
2014-11-15,141,121,97,145,FALSE
2014-11-16,146,122,98,147,FALSE
2014-11-17,0,225,180,270,TRUE
2014-11-18,237,232,186,279,FALSE
2014-11-19,216,231,185,278,FALSE
2014-11-20,166,133,106,159,FALSE
2014-11-21,147,182,146,219,FALSE
2014-11-22,187,224,180,269,FALSE
2014-11-23,174,209,167,251,FALSE
2014-11-24,189,213,170,255,FALSE
2014-11-25,205,225,180,270,FALSE
2014-11-26,220,220,176,264,FALSE
2014-11-27,176,208,167,250,FALSE
2014-11-28,162,169,135,203,FALSE
2014-11-29,137,164,132,197,FALSE
2014-11-30,92,88,70,105,FALSE
2014-12-01,180,203,163,244,FALSE
2014-12-02,193,224,179,269,FALSE
2014-12-03,261,229,183,275,FALSE
2014-12-04,221,223,178,267,FALSE
2014-12-05,157,189,151,227,FALSE
2014-12-06,149,179,143,215,FALSE
2014-12-07,122,106,85,127,FALSE
2014-12-08,230,217,174,261,FALSE
2014-12-09,200,235,188,282,FALSE
2014-12-10,228,235,188,282,FALSE
2014-12-11,206,225,180,270,FALSE
2014-12-12,200,186,149,224,FALSE
2014-12-13,147,176,141,212,FALSE
2014-12-14,109,93,74,111,FALSE
2014-12-15,178,197,158,236,FALSE
2014-12-16,203,207,165,248,FALSE
2014-12-17,172,208,167,250,FALSE
2014-12-18,149,119,95,143,FALSE
2014-12-19,187,158,126,190,FALSE
2014-12-20,129,155,124,186,FALSE
2014-12-21,135,162,130,194,FALSE
2014-12-22,161,153,123,184,FALSE
2014-12-23,106,85,68,102,FALSE
2014-12-24,84,67,54,81,FALSE
2014-12-25,69,55,44,66,FALSE
2014-12-26,80,90,72,108,FALSE
2014-12-27,77,92,74,111,FALSE
2014-12-28,79,95,76,114,FALSE
2014-12-29,107,86,68,103,FALSE
2014-12-30,160,174,139,208,FALSE
2014-12-31,173,190,152,228,FALSE
2015-01-01,128,102,82,123,FALSE
2015-01-02,201,178,142,214,FALSE
2015-01-03,159,191,153,229,FALSE
2015-01-04,150,133,106,159,FALSE
2015-01-05,265,264,211,317,FALSE
2015-01-06,259,286,229,343,FALSE
2015-01-07,327,291,233,349,FALSE
2015-01-08,303,280,224,336,FALSE
2015-01-09,215,241,192,289,FALSE
2015-01-10,170,152,122,182,FALSE
2015-01-11,151,146,117,176,FALSE
2015-01-12,228,261,209,313,FALSE
2015-01-13,257,281,225,337,FALSE
2015-01-14,308,291,232,349,FALSE
2015-01-15,257,288,231,346,FALSE
2015-01-16,303,256,205,307,FALSE
2015-01-17,181,178,142,213,FALSE
2015-01-18,210,178,142,214,FALSE
2015-01-19,266,293,234,351,FALSE
2015-01-20,284,309,248,371,FALSE
2015-01-21,316,309,247,371,FALSE
2015-01-22,328,298,239,358,FALSE
2015-01-23,223,260,208,312,FALSE
2015-01-24,210,252,202,302,FALSE
2015-01-25,208,250,200,300,FALSE
2015-01-26,215,248,198,298,FALSE
2015-01-27,255,250,200,300,FALSE
2015-01-28,198,244,195,292,FALSE
2015-01-29,177,142,113,170,FALSE
2015-01-30,193,190,152,228,FALSE
2015-01-31,137,164,132,197,FALSE
2015-02-01,145,174,139,209,FALSE
2015-02-02,221,238,190,285,FALSE
2015-02-03,220,262,209,314,FALSE
2015-02-04,283,268,214,322,FALSE
2015-02-05,267,263,210,316,FALSE
2015-02-06,252,230,184,276,FALSE
2015-02-07,144,144,115,173,FALSE
2015-02-08,180,216,173,259,FALSE
2015-02-09,223,247,197,296,FALSE
2015-02-10,269,257,206,309,FALSE
2015-02-11,229,255,204,306,FALSE
2015-02-12,223,240,192,288,FALSE
2015-02-13,206,204,163,245,FALSE
2015-02-14,118,123,98,147,FALSE
2015-02-15,146,125,100,150,FALSE
2015-02-16,242,242,194,291,FALSE
2015-02-17,256,265,212,318,FALSE
2015-02-18,283,270,216,324,FALSE
2015-02-19,226,265,212,318,FALSE
2015-02-20,219,232,186,279,FALSE
2015-02-21,202,242,194,291,FALSE
2015-02-22,220,264,211,317,FALSE
2015-02-23,207,252,202,303,FALSE
2015-02-24,270,265,212,319,FALSE
2015-02-25,216,261,209,314,FALSE
2015-02-26,239,246,196,295,FALSE
2015-02-27,235,209,167,251,FALSE
2015-02-28,137,127,102,152,FALSE
2015-03-01,122,130,104,156,FALSE
2015-03-02,205,247,198,296,FALSE
2015-03-03,306,268,214,321,FALSE
2015-03-04,274,271,217,325,FALSE
2015-03-05,255,266,213,319,FALSE
2015-03-06,215,233,186,279,FALSE
2015-03-07,171,152,121,182,FALSE
2015-03-08,167,154,123,184,FALSE
2015-03-09,246,271,217,325,FALSE
2015-03-10,303,294,235,353,FALSE
2015-03-11,298,298,238,358,FALSE
2015-03-12,297,290,232,348,FALSE
2015-03-13,245,256,205,307,FALSE
2015-03-14,176,175,140,210,FALSE
2015-03-15,181,170,136,204,FALSE
2015-03-16,316,278,223,334,FALSE
2015-03-17,301,295,236,354,FALSE
2015-03-18,248,294,235,353,FALSE
2015-03-19,209,167,134,201,FALSE
2015-03-20,273,252,202,302,FALSE
2015-03-21,196,180,144,216,FALSE
2015-03-22,212,192,153,230,FALSE
2015-03-23,295,313,250,376,FALSE
2015-03-24,321,340,272,408,FALSE
2015-03-25,414,497,397,596,FALSE
2015-03-26,367,322,258,387,FALSE
2015-03-27,228,275,220,330,FALSE
2015-03-28,162,182,145,218,FALSE
2015-03-29,200,240,192,288,FALSE
2015-03-30,278,265,212,319,FALSE
2015-03-31,248,273,219,328,FALSE
2015-04-01,273,264,211,317,FALSE
2015-04-02,237,247,198,297,FALSE
2015-04-03,168,203,163,244,FALSE
2015-04-04,115,122,98,147,FALSE
2015-04-05,142,125,100,150,FALSE
2015-04-06,235,249,199,299,FALSE
2015-04-07,252,279,223,335,FALSE
2015-04-08,313,287,229,344,FALSE
2015-04-09,347,416,333,500,FALSE
2015-04-10,216,247,197,296,FALSE
2015-04-11,170,165,132,198,FALSE
2015-04-12,148,157,126,189,FALSE
2015-04-13,314,264,211,317,FALSE
2015-04-14,240,283,226,339,FALSE
2015-04-15,281,284,227,341,FALSE
2015-04-16,247,287,230,344,FALSE
2015-04-17,200,160,128,192,FALSE
2015-04-18,256,307,246,369,FALSE
2015-04-19,220,216,173,260,FALSE
2015-04-20,411,493,395,592,FALSE
2015-04-21,388,367,294,441,FALSE
2015-04-22,322,367,294,440,FALSE
2015-04-23,350,355,284,426,FALSE
2015-04-24,310,309,247,371,FALSE
2015-04-25,247,218,174,262,FALSE
2015-04-26,231,206,165,247,FALSE
2015-04-27,313,308,247,370,FALSE
2015-04-28,287,311,249,373,FALSE
2015-04-29,308,297,237,356,FALSE
2015-04-30,245,282,226,339,FALSE
2015-05-01,176,141,113,169,FALSE
2015-05-02,181,161,129,193,FALSE
2015-05-03,204,245,196,294,FALSE
2015-05-04,256,280,224,336,FALSE
2015-05-05,368,442,353,530,FALSE
2015-05-06,286,299,239,359,FALSE
2015-05-07,234,285,228,342,FALSE
2015-05-08,264,246,197,295,FALSE
2015-05-09,155,161,129,193,FALSE
2015-05-10,164,161,129,193,FALSE
2015-05-11,284,275,220,330,FALSE
2015-05-12,308,292,234,351,FALSE
2015-05-13,283,292,234,351,FALSE
2015-05-14,270,284,227,341,FALSE
2015-05-15,217,248,199,298,FALSE
2015-05-16,180,169,135,203,FALSE
2015-05-17,185,173,139,208,FALSE
2015-05-18,311,292,234,350,FALSE
2015-05-19,313,316,253,379,FALSE
2015-05-20,303,323,259,388,FALSE
2015-05-21,309,319,255,383,FALSE
2015-05-22,271,280,224,336,FALSE
2015-05-23,293,352,281,422,FALSE
2015-05-24,232,278,223,334,FALSE
2015-05-25,243,298,239,358,FALSE
2015-05-26,293,312,249,374,FALSE
2015-05-27,298,308,246,369,FALSE
2015-05-28,284,297,237,356,FALSE
2015-05-29,288,258,206,309,FALSE
2015-05-30,203,173,138,207,FALSE
2015-05-31,153,171,137,205,FALSE
2015-06-01,273,281,225,338,FALSE
2015-06-02,260,297,238,357,FALSE
2015-06-03,338,301,241,361,FALSE
2015-06-04,256,293,235,352,FALSE
2015-06-05,276,256,205,307,FALSE
2015-06-06,211,253,203,304,FALSE
2015-06-07,151,169,135,202,FALSE
2015-06-08,299,278,223,334,FALSE
2015-06-09,258,292,233,350,FALSE
2015-06-10,299,288,230,345,FALSE
2015-06-11,258,279,223,335,FALSE
2015-06-12,238,242,194,290,FALSE
2015-06-13,162,162,130,195,FALSE
2015-06-14,171,166,132,199,FALSE
2015-06-15,293,283,226,339,FALSE
2015-06-16,323,305,244,366,FALSE
2015-06-17,277,311,249,374,FALSE
2015-06-18,282,306,245,367,FALSE
2015-06-19,309,269,215,323,FALSE
2015-06-20,185,186,149,223,FALSE
2015-06-21,241,289,231,347,FALSE
2015-06-22,248,289,231,347,FALSE
2015-06-23,323,294,235,353,FALSE
2015-06-24,284,282,226,339,FALSE
2015-06-25,231,265,212,317,FALSE
2015-06-26,209,219,175,263,FALSE
2015-06-27,126,135,108,162,FALSE
2015-06-28,125,135,108,161,FALSE
2015-06-29,265,247,198,296,FALSE
2015-06-30,296,265,212,318,FALSE
2015-07-01,269,263,210,316,FALSE
2015-07-02,235,250,200,300,FALSE
2015-07-03,163,130,104,156,FALSE
2015-07-04,132,127,101,152,FALSE
2015-07-05,129,131,104,157,FALSE
2015-07-06,268,249,199,299,FALSE
2015-07-07,280,272,217,326,FALSE
2015-07-08,272,277,222,333,FALSE
2015-07-09,260,264,211,317,FALSE
2015-07-10,246,224,179,268,FALSE
2015-07-11,133,141,113,169,FALSE
2015-07-12,135,142,113,170,FALSE
2015-07-13,192,154,123,184,FALSE
2015-07-14,316,305,244,366,FALSE
2015-07-15,527,326,261,391,TRUE
2015-07-16,412,494,396,593,FALSE
2015-07-17,327,307,245,368,FALSE
2015-07-18,210,233,186,279,FALSE
2015-07-19,195,234,187,281,FALSE
2015-07-20,346,350,280,420,FALSE
2015-07-21,384,377,302,453,FALSE
2015-07-22,411,387,310,465,FALSE
2015-07-23,371,383,307,460,FALSE
2015-07-24,354,352,281,422,FALSE
2015-07-25,292,260,208,312,FALSE
2015-07-26,293,252,201,302,FALSE
2015-07-27,348,349,280,419,FALSE
2015-07-28,324,352,282,423,FALSE
2015-07-29,347,336,269,403,FALSE
2015-07-30,297,307,246,369,FALSE
2015-07-31,239,261,208,313,FALSE
2015-08-01,185,168,134,202,FALSE
2015-08-02,124,99,79,119,FALSE
2015-08-03,266,278,222,333,FALSE
2015-08-04,344,301,241,361,FALSE
2015-08-05,262,307,245,368,FALSE
2015-08-06,314,300,240,360,FALSE
2015-08-07,305,266,213,319,FALSE
2015-08-08,154,191,153,229,FALSE
2015-08-09,166,199,159,239,FALSE
2015-08-10,330,322,258,386,FALSE
2015-08-11,356,350,280,420,FALSE
2015-08-12,383,354,283,425,FALSE
2015-08-13,410,347,277,416,FALSE
2015-08-14,288,306,245,368,FALSE
2015-08-15,183,220,176,265,FALSE
2015-08-16,190,223,179,268,FALSE
2015-08-17,331,340,272,408,FALSE
2015-08-18,377,368,294,441,FALSE
2015-08-19,435,378,302,453,FALSE
2015-08-20,375,368,295,442,FALSE
2015-08-21,316,331,265,398,FALSE
2015-08-22,260,234,187,281,FALSE
2015-08-23,0,225,180,270,TRUE
2015-08-24,289,330,264,396,FALSE
2015-08-25,338,346,277,415,FALSE
2015-08-26,297,345,276,413,FALSE
2015-08-27,413,496,396,595,FALSE
2015-08-28,359,431,345,517,FALSE
2015-08-29,155,124,99,149,FALSE
2015-08-30,181,208,166,250,FALSE
2015-08-31,303,322,258,387,FALSE
2015-09-01,335,351,281,421,FALSE
2015-09-02,365,362,289,434,FALSE
2015-09-03,402,358,287,430,FALSE
2015-09-04,393,328,262,393,FALSE
2015-09-05,187,150,120,180,FALSE
2015-09-06,237,244,195,293,FALSE
2015-09-07,0,355,284,426,TRUE
2015-09-08,378,371,297,446,FALSE
2015-09-09,0,373,298,447,TRUE
2015-09-10,349,362,290,434,FALSE
2015-09-11,390,468,374,562,FALSE
2015-09-12,199,241,192,289,FALSE
2015-09-13,208,237,189,284,FALSE
2015-09-14,358,347,278,416,FALSE
2015-09-15,452,542,434,651,FALSE
2015-09-16,343,363,290,436,FALSE
2015-09-17,304,357,286,429,FALSE
2015-09-18,295,324,259,389,FALSE
2015-09-19,265,254,203,305,FALSE
2015-09-20,244,267,214,320,FALSE
2015-09-21,487,584,468,701,FALSE
2015-09-22,472,406,325,487,FALSE
2015-09-23,425,399,319,478,FALSE
2015-09-24,317,379,303,455,FALSE
2015-09-25,291,330,264,396,FALSE
2015-09-26,232,234,188,281,FALSE
2015-09-27,265,237,190,284,FALSE
2015-09-28,308,354,283,425,FALSE
2015-09-29,387,372,297,446,FALSE
2015-09-30,437,372,298,447,FALSE
2015-10-01,347,355,284,426,FALSE
2015-10-02,304,310,248,372,FALSE
2015-10-03,218,214,171,257,FALSE
2015-10-04,192,201,161,242,FALSE
2015-10-05,306,313,251,376,FALSE
2015-10-06,318,330,264,396,FALSE
2015-10-07,286,340,272,408,FALSE
2015-10-08,330,338,270,405,FALSE
2015-10-09,364,307,246,369,FALSE
2015-10-10,277,232,185,278,FALSE
2015-10-11,215,235,188,282,FALSE
2015-10-12,294,352,282,423,FALSE
2015-10-13,437,371,297,445,FALSE
2015-10-14,330,373,298,448,FALSE
2015-10-15,375,369,295,443,FALSE
2015-10-16,359,337,270,405,FALSE
2015-10-17,232,265,212,318,FALSE
2015-10-18,0,274,219,329,TRUE
2015-10-19,421,397,317,476,FALSE
2015-10-20,408,423,338,507,FALSE
2015-10-21,487,424,339,509,FALSE
2015-10-22,415,414,331,496,FALSE
2015-10-23,317,371,297,445,FALSE
2015-10-24,288,282,226,339,FALSE
2015-10-25,300,273,218,328,FALSE
2015-10-26,0,380,304,456,TRUE
2015-10-27,384,392,314,471,FALSE
2015-10-28,382,389,311,467,FALSE
2015-10-29,353,372,298,447,FALSE
2015-10-30,354,328,263,394,FALSE
2015-10-31,0,239,191,287,TRUE
2015-11-01,0,233,187,280,TRUE
2015-11-02,310,341,273,410,FALSE
2015-11-03,383,356,285,427,FALSE
2015-11-04,338,374,299,448,FALSE
2015-11-05,694,380,304,456,TRUE
2015-11-06,565,359,287,431,TRUE
2015-11-07,351,421,337,505,FALSE
2015-11-08,276,301,240,361,FALSE
2015-11-09,413,423,339,508,FALSE
2015-11-10,694,446,357,535,TRUE
2015-11-11,441,451,361,541,FALSE
2015-11-12,449,446,357,535,FALSE
2015-11-13,481,414,331,497,FALSE
2015-11-14,261,209,167,251,FALSE
2015-11-15,0,354,283,424,TRUE
2015-11-16,477,480,384,576,FALSE
2015-11-17,483,513,411,616,FALSE
2015-11-18,574,518,415,622,FALSE
2015-11-19,543,512,410,614,FALSE
2015-11-20,487,470,376,564,FALSE
2015-11-21,351,383,306,460,FALSE
2015-11-22,375,376,301,451,FALSE
2015-11-23,435,482,386,579,FALSE
2015-11-24,656,787,630,945,FALSE
2015-11-25,665,798,638,958,FALSE
2015-11-26,485,473,378,567,FALSE
2015-11-27,431,430,344,517,FALSE
2015-11-28,294,349,279,419,FALSE
2015-11-29,320,351,281,421,FALSE
2015-11-30,491,474,379,569,FALSE
2015-12-01,607,728,583,874,FALSE
2015-12-02,449,508,406,610,FALSE
2015-12-03,531,502,401,602,FALSE
2015-12-04,524,459,367,551,FALSE
2015-12-05,338,370,296,444,FALSE
2015-12-06,257,206,164,247,FALSE
2015-12-07,509,481,384,577,FALSE
2015-12-08,482,491,393,590,FALSE
2015-12-09,558,485,388,582,FALSE
2015-12-10,507,463,370,555,FALSE
2015-12-11,379,413,330,495,FALSE
2015-12-12,231,185,148,222,FALSE
2015-12-13,239,191,153,229,FALSE
2015-12-14,481,424,340,509,FALSE
2015-12-15,507,440,352,528,FALSE
2015-12-16,462,438,350,526,FALSE
2015-12-17,395,425,340,510,FALSE
2015-12-18,329,371,297,445,FALSE
2015-12-19,315,271,217,325,FALSE
2015-12-20,268,255,204,306,FALSE
2015-12-21,342,353,282,423,FALSE
2015-12-22,382,354,283,424,FALSE
2015-12-23,325,337,270,405,FALSE
2015-12-24,210,168,134,202,FALSE
2015-12-25,217,271,217,325,FALSE
2015-12-26,243,292,233,350,FALSE
2015-12-27,280,336,269,403,FALSE
2015-12-28,263,267,213,320,FALSE
2015-12-29,281,271,217,326,FALSE
2015-12-30,232,260,208,311,FALSE
2015-12-31,205,236,189,283,FALSE
2016-01-01,142,114,91,136,FALSE
2016-01-02,133,125,100,151,FALSE
2016-01-03,131,144,115,173,FALSE
2016-01-04,285,277,222,333,FALSE
2016-01-05,327,311,248,373,FALSE
2016-01-06,377,326,261,391,FALSE
2016-01-07,310,324,259,388,FALSE
2016-01-08,285,293,235,352,FALSE
2016-01-09,204,218,175,262,FALSE
2016-01-10,203,227,181,272,FALSE
2016-01-11,360,355,284,426,FALSE
2016-01-12,383,389,311,466,FALSE
2016-01-13,439,399,320,479,FALSE
2016-01-14,444,398,319,478,FALSE
2016-01-15,329,360,288,432,FALSE
2016-01-16,285,276,221,332,FALSE
2016-01-17,270,274,219,328,FALSE
2016-01-18,373,385,308,462,FALSE
2016-01-19,398,408,326,489,FALSE
2016-01-20,407,413,330,495,FALSE
2016-01-21,430,409,327,491,FALSE
2016-01-22,339,378,302,453,FALSE
2016-01-23,351,300,240,360,FALSE
2016-01-24,287,306,245,367,FALSE
2016-01-25,430,444,356,533,FALSE
2016-01-26,704,488,391,586,TRUE
2016-01-27,763,515,412,618,TRUE
2016-01-28,644,773,618,927,FALSE
2016-01-29,534,499,399,599,FALSE
2016-01-30,327,262,209,314,FALSE
2016-01-31,400,409,328,491,FALSE
2016-02-01,597,511,409,613,FALSE
2016-02-02,509,511,409,614,FALSE
2016-02-03,0,495,396,594,TRUE
2016-02-04,471,467,373,560,FALSE
2016-02-05,380,412,329,494,FALSE
2016-02-06,271,326,261,391,FALSE
2016-02-07,362,324,259,389,FALSE
2016-02-08,410,442,353,530,FALSE
2016-02-09,542,465,372,558,FALSE
2016-02-10,432,458,366,549,FALSE
2016-02-11,507,439,351,527,FALSE
2016-02-12,398,388,310,466,FALSE
2016-02-13,256,291,233,349,FALSE
2016-02-14,201,161,129,193,FALSE
2016-02-15,397,404,323,485,FALSE
2016-02-16,407,435,348,522,FALSE
2016-02-17,482,448,358,538,FALSE
2016-02-18,539,454,363,545,FALSE
2016-02-19,671,426,341,512,TRUE
2016-02-20,318,353,282,423,FALSE
2016-02-21,342,356,285,428,FALSE
2016-02-22,530,472,377,566,FALSE
2016-02-23,466,493,394,591,FALSE
2016-02-24,484,493,395,592,FALSE
2016-02-25,493,482,386,579,FALSE
2016-02-26,487,443,355,532,FALSE
2016-02-27,337,359,287,430,FALSE
2016-02-28,295,354,283,425,FALSE
2016-02-29,504,464,371,557,FALSE
2016-03-01,517,477,382,573,FALSE
2016-03-02,424,473,378,567,FALSE
2016-03-03,500,448,358,537,FALSE
2016-03-04,414,395,316,474,FALSE
2016-03-05,272,300,240,360,FALSE
2016-03-06,241,288,231,346,FALSE
2016-03-07,397,401,321,481,FALSE
2016-03-08,426,419,335,503,FALSE
2016-03-09,382,426,340,511,FALSE
2016-03-10,556,667,534,801,FALSE
2016-03-11,432,382,305,458,FALSE
2016-03-12,285,297,238,356,FALSE
2016-03-13,264,293,235,352,FALSE
2016-03-14,380,404,323,484,FALSE
2016-03-15,428,417,333,500,FALSE
2016-03-16,472,412,330,494,FALSE
2016-03-17,391,400,320,480,FALSE
2016-03-18,323,361,289,433,FALSE
2016-03-19,262,274,219,329,FALSE
2016-03-20,262,270,216,324,FALSE
2016-03-21,431,377,301,452,FALSE
2016-03-22,419,389,311,467,FALSE
2016-03-23,375,377,301,452,FALSE
2016-03-24,350,353,282,424,FALSE
2016-03-25,237,190,152,228,FALSE
2016-03-26,195,219,175,263,FALSE
2016-03-27,221,231,185,278,FALSE
2016-03-28,332,357,286,429,FALSE
2016-03-29,431,386,309,463,FALSE
2016-03-30,483,580,464,696,FALSE
2016-03-31,397,388,311,466,FALSE
2016-04-01,327,352,281,422,FALSE
2016-04-02,217,267,213,320,FALSE
2016-04-03,288,265,212,317,FALSE
2016-04-04,349,391,312,469,FALSE
2016-04-05,422,422,337,506,FALSE
2016-04-06,442,430,344,516,FALSE
2016-04-07,498,426,341,511,FALSE
2016-04-08,407,389,311,467,FALSE
2016-04-09,275,306,245,367,FALSE
2016-04-10,277,302,242,363,FALSE
2016-04-11,402,413,330,495,FALSE
2016-04-12,461,436,349,523,FALSE
2016-04-13,422,441,353,529,FALSE
2016-04-14,445,437,350,525,FALSE
2016-04-15,420,406,325,487,FALSE
2016-04-16,292,331,265,398,FALSE
2016-04-17,335,340,272,408,FALSE
2016-04-18,489,461,368,553,FALSE
2016-04-19,486,487,389,584,FALSE
2016-04-20,504,484,387,581,FALSE
2016-04-21,542,469,375,563,FALSE
2016-04-22,390,420,336,505,FALSE
2016-04-23,303,326,261,391,FALSE
2016-04-24,293,315,252,377,FALSE
2016-04-25,467,417,334,501,FALSE
2016-04-26,397,432,345,518,FALSE
2016-04-27,405,429,343,514,FALSE
2016-04-28,512,614,492,737,FALSE
2016-04-29,342,364,291,437,FALSE
2016-04-30,273,277,222,333,FALSE
2016-05-01,262,273,219,328,FALSE
2016-05-02,365,390,312,468,FALSE
2016-05-03,396,412,329,494,FALSE
2016-05-04,449,422,337,506,FALSE
2016-05-05,416,420,336,504,FALSE
2016-05-06,385,387,310,465,FALSE
2016-05-07,340,309,247,370,FALSE
2016-05-08,297,309,247,370,FALSE
2016-05-09,427,423,338,507,FALSE
2016-05-10,443,438,351,526,FALSE
2016-05-11,398,437,350,524,FALSE
2016-05-12,495,421,337,506,FALSE
2016-05-13,393,378,302,454,FALSE
2016-05-14,208,166,133,200,FALSE
2016-05-15,273,293,235,352,FALSE
2016-05-16,439,412,330,495,FALSE
2016-05-17,394,437,349,524,FALSE
2016-05-18,522,438,350,525,FALSE
2016-05-19,428,427,342,512,FALSE
2016-05-20,462,554,444,665,FALSE
2016-05-21,231,185,148,222,FALSE
2016-05-22,223,178,143,214,FALSE
2016-05-23,391,404,324,485,FALSE
2016-05-24,420,432,346,519,FALSE
2016-05-25,537,644,516,773,FALSE
2016-05-26,440,434,347,521,FALSE
2016-05-27,484,581,465,697,FALSE
2016-05-28,255,308,247,370,FALSE
2016-05-29,255,302,242,362,FALSE
2016-05-30,431,415,332,498,FALSE
2016-05-31,401,432,346,519,FALSE
2016-06-01,563,676,540,811,FALSE
2016-06-02,0,428,342,514,TRUE
2016-06-03,410,393,314,471,FALSE
2016-06-04,264,312,250,375,FALSE
2016-06-05,264,319,255,383,FALSE
2016-06-06,450,440,352,528,FALSE
2016-06-07,507,471,376,565,FALSE
2016-06-08,474,484,387,580,FALSE
2016-06-09,526,475,380,570,FALSE
2016-06-10,437,439,351,527,FALSE
2016-06-11,341,345,276,414,FALSE
2016-06-12,0,334,267,401,TRUE
2016-06-13,428,438,350,526,FALSE
2016-06-14,453,448,358,538,FALSE
2016-06-15,412,441,353,529,FALSE
2016-06-16,468,422,338,507,FALSE
2016-06-17,403,378,302,453,FALSE
2016-06-18,254,287,230,345,FALSE
2016-06-19,225,180,144,216,FALSE
2016-06-20,418,401,321,481,FALSE
2016-06-21,391,428,342,513,FALSE
2016-06-22,467,437,350,525,FALSE
2016-06-23,567,680,544,816,FALSE
2016-06-24,420,395,316,474,FALSE
2016-06-25,270,306,245,367,FALSE
2016-06-26,263,300,240,359,FALSE
2016-06-27,455,404,323,485,FALSE
2016-06-28,433,414,331,496,FALSE
2016-06-29,367,406,325,487,FALSE
2016-06-30,415,386,309,464,FALSE
2016-07-01,328,338,270,405,FALSE
2016-07-02,253,243,194,291,FALSE
2016-07-03,197,241,193,290,FALSE
2016-07-04,329,354,283,425,FALSE
2016-07-05,379,373,298,448,FALSE
2016-07-06,429,374,299,449,FALSE
2016-07-07,375,370,296,444,FALSE
2016-07-08,304,339,271,406,FALSE
2016-07-09,211,257,205,308,FALSE
2016-07-10,276,258,206,309,FALSE
2016-07-11,472,566,453,680,FALSE
2016-07-12,0,400,320,480,TRUE
2016-07-13,355,404,323,485,FALSE
2016-07-14,429,390,312,468,FALSE
2016-07-15,373,355,284,426,FALSE
2016-07-16,193,154,124,185,FALSE
2016-07-17,247,281,224,337,FALSE
2016-07-18,441,401,321,481,FALSE
2016-07-19,450,427,341,512,FALSE
2016-07-20,453,435,348,522,FALSE
2016-07-21,393,424,339,509,FALSE
2016-07-22,450,385,308,462,FALSE
2016-07-23,219,175,140,210,FALSE
2016-07-24,0,293,234,351,TRUE
2016-07-25,439,403,323,484,FALSE
2016-07-26,399,422,338,507,FALSE
2016-07-27,399,424,339,509,FALSE
2016-07-28,463,414,331,497,FALSE
2016-07-29,370,382,306,458,FALSE
2016-07-30,273,304,243,365,FALSE
2016-07-31,290,311,248,373,FALSE
2016-08-01,442,431,345,518,FALSE
2016-08-02,527,448,358,538,FALSE
2016-08-03,621,745,596,894,FALSE
2016-08-04,0,419,335,503,TRUE
2016-08-05,363,362,290,435,FALSE
2016-08-06,263,265,212,318,FALSE
2016-08-07,219,251,201,302,FALSE
2016-08-08,401,363,291,436,FALSE
2016-08-09,304,243,195,292,FALSE
2016-08-10,408,384,307,461,FALSE
2016-08-11,0,374,299,449,TRUE
2016-08-12,357,336,269,404,FALSE
2016-08-13,0,244,195,293,TRUE
2016-08-14,0,235,188,282,TRUE
2016-08-15,357,340,272,408,FALSE
2016-08-16,337,359,287,431,FALSE
2016-08-17,337,360,288,432,FALSE
2016-08-18,342,353,283,424,FALSE
2016-08-19,364,318,255,382,FALSE
2016-08-20,0,250,200,300,TRUE
2016-08-21,220,265,212,318,FALSE
2016-08-22,373,393,315,472,FALSE
2016-08-23,420,427,342,513,FALSE
2016-08-24,530,445,356,534,FALSE
2016-08-25,402,450,360,540,FALSE
2016-08-26,453,413,330,495,FALSE
2016-08-27,386,329,264,395,FALSE
2016-08-28,330,326,261,391,FALSE
2016-08-29,367,437,349,524,FALSE
2016-08-30,421,449,359,539,FALSE
2016-08-31,458,444,355,532,FALSE
2016-09-01,503,429,343,514,FALSE
2016-09-02,0,388,310,465,TRUE
2016-09-03,260,301,241,361,FALSE
2016-09-04,276,299,239,359,FALSE
2016-09-05,386,416,333,499,FALSE
2016-09-06,469,438,351,526,FALSE
2016-09-07,463,442,354,530,FALSE
2016-09-08,470,434,347,521,FALSE
2016-09-09,0,395,316,474,TRUE
2016-09-10,246,197,157,236,FALSE
2016-09-11,286,300,240,360,FALSE
2016-09-12,520,624,499,749,FALSE
2016-09-13,444,429,343,515,FALSE
2016-09-14,370,436,349,523,FALSE
2016-09-15,369,427,342,513,FALSE
2016-09-16,451,391,313,469,FALSE
2016-09-17,359,314,251,377,FALSE
2016-09-18,243,194,156,233,FALSE
2016-09-19,494,439,351,526,FALSE
2016-09-20,432,462,370,555,FALSE
2016-09-21,428,461,369,553,FALSE
2016-09-22,527,448,358,537,FALSE
2016-09-23,461,402,321,482,FALSE
2016-09-24,279,310,248,372,FALSE
2016-09-25,256,309,248,371,FALSE
2016-09-26,395,423,338,507,FALSE
2016-09-27,412,451,361,542,FALSE
2016-09-28,501,462,370,555,FALSE
2016-09-29,517,460,368,552,FALSE
2016-09-30,539,647,517,776,FALSE
2016-10-01,257,206,164,247,FALSE
2016-10-02,266,213,170,255,FALSE
2016-10-03,486,477,381,572,FALSE
2016-10-04,526,500,400,601,FALSE
2016-10-05,533,503,402,603,FALSE
2016-10-06,513,493,394,591,FALSE
2016-10-07,487,446,357,535,FALSE
2016-10-08,299,353,283,424,FALSE
2016-10-09,291,357,285,428,FALSE
2016-10-10,357,286,228,343,FALSE
2016-10-11,549,504,403,604,FALSE
2016-10-12,594,516,412,619,FALSE
2016-10-13,528,515,412,618,FALSE
2016-10-14,468,487,390,585,FALSE
2016-10-15,348,409,328,491,FALSE
2016-10-16,384,415,332,497,FALSE
2016-10-17,620,535,428,642,FALSE
2016-10-18,628,561,449,673,FALSE
2016-10-19,542,563,450,676,FALSE
2016-10-20,501,553,443,664,FALSE
2016-10-21,604,515,412,618,FALSE
2016-10-22,369,430,344,516,FALSE
2016-10-23,300,240,192,288,FALSE
2016-10-24,592,569,455,683,FALSE
2016-10-25,722,866,693,1040,FALSE
2016-10-26,648,575,460,690,FALSE
2016-10-27,591,544,435,653,FALSE
2016-10-28,417,485,388,582,FALSE
2016-10-29,334,395,316,474,FALSE
2016-10-30,339,389,311,466,FALSE
2016-10-31,459,521,417,625,FALSE
2016-11-01,606,558,447,670,FALSE
2016-11-02,653,591,473,709,FALSE
2016-11-03,888,607,485,728,TRUE
2016-11-04,606,594,476,713,FALSE
2016-11-05,528,531,425,637,FALSE
2016-11-06,438,540,432,648,FALSE
2016-11-07,699,663,530,795,FALSE
2016-11-08,737,685,548,821,FALSE
2016-11-09,675,689,551,827,FALSE
2016-11-10,720,665,532,798,FALSE
2016-11-11,626,613,491,736,FALSE
2016-11-12,500,515,412,618,FALSE
2016-11-13,411,500,400,600,FALSE
2016-11-14,578,605,484,726,FALSE
2016-11-15,777,932,746,1119,FALSE
2016-11-16,626,612,489,734,FALSE
2016-11-17,623,596,477,715,FALSE
2016-11-18,574,549,439,659,FALSE
2016-11-19,333,266,213,320,FALSE
2016-11-20,414,443,355,532,FALSE
2016-11-21,728,874,699,1048,FALSE
2016-11-22,577,551,441,661,FALSE
2016-11-23,611,540,432,648,FALSE
2016-11-24,475,517,414,621,FALSE
2016-11-25,484,467,374,560,FALSE
2016-11-26,299,372,298,447,FALSE
2016-11-27,360,360,288,432,FALSE
2016-11-28,846,495,396,594,TRUE
2016-11-29,859,536,429,643,TRUE
2016-11-30,771,559,447,670,TRUE
2016-12-01,558,570,456,684,FALSE
2016-12-02,509,548,438,657,FALSE
2016-12-03,468,480,384,576,FALSE
2016-12-04,481,494,395,593,FALSE
2016-12-05,749,899,719,1079,FALSE
2016-12-06,702,640,512,768,FALSE
2016-12-07,657,640,512,767,FALSE
2016-12-08,784,941,753,1129,FALSE
2016-12-09,511,552,441,662,FALSE
2016-12-10,388,454,363,545,FALSE
2016-12-11,470,440,352,528,FALSE
2016-12-12,536,552,441,662,FALSE
2016-12-13,673,568,455,682,FALSE
2016-12-14,508,558,446,669,FALSE
2016-12-15,699,839,671,1007,FALSE
2016-12-16,503,484,387,580,FALSE
2016-12-17,361,387,309,464,FALSE
2016-12-18,351,376,301,452,FALSE
2016-12-19,527,480,384,576,FALSE
2016-12-20,480,477,381,572,FALSE
2016-12-21,473,456,364,547,FALSE
2016-12-22,521,625,500,750,FALSE
2016-12-23,269,334,267,400,FALSE
2016-12-24,205,220,176,263,FALSE
2016-12-25,178,188,151,226,FALSE
2016-12-26,258,296,237,355,FALSE
2016-12-27,281,309,247,371,FALSE
2016-12-28,311,309,247,371,FALSE
2016-12-29,391,469,375,563,FALSE
2016-12-30,253,267,213,320,FALSE
2016-12-31,147,118,94,141,FALSE
2017-01-01,176,205,164,246,FALSE
2017-01-02,278,335,268,401,FALSE
2017-01-03,468,562,449,674,FALSE
2017-01-04,424,399,319,478,FALSE
2017-01-05,409,403,323,484,FALSE
2017-01-06,392,380,304,456,FALSE
2017-01-07,270,312,250,375,FALSE
2017-01-08,251,201,161,241,FALSE
2017-01-09,499,459,368,551,FALSE
2017-01-10,534,496,397,595,FALSE
2017-01-11,580,501,401,602,FALSE
2017-01-12,0,489,391,587,TRUE
2017-01-13,471,449,359,538,FALSE
2017-01-14,296,357,285,428,FALSE
2017-01-15,303,364,291,437,FALSE
2017-01-16,437,486,388,583,FALSE
2017-01-17,593,523,418,627,FALSE
2017-01-18,629,542,434,651,FALSE
2017-01-19,754,539,431,646,TRUE
2017-01-20,533,507,406,609,FALSE
2017-01-21,388,423,338,507,FALSE
2017-01-22,359,422,337,506,FALSE
2017-01-23,753,538,430,645,TRUE
2017-01-24,598,559,447,670,FALSE
2017-01-25,595,552,442,663,FALSE
2017-01-26,607,534,427,641,FALSE
2017-01-27,433,485,388,582,FALSE
2017-01-28,295,236,189,283,FALSE
2017-01-29,367,387,310,465,FALSE
2017-01-30,498,498,398,597,FALSE
2017-01-31,566,520,416,624,FALSE
2017-02-01,549,524,420,629,FALSE
2017-02-02,698,838,670,1005,FALSE
2017-02-03,448,468,374,561,FALSE
2017-02-04,346,391,313,469,FALSE
2017-02-05,367,397,318,477,FALSE
2017-02-06,494,529,423,635,FALSE
2017-02-07,677,567,453,680,FALSE
2017-02-08,625,570,456,684,FALSE
2017-02-09,658,562,450,674,FALSE
2017-02-10,521,509,407,611,FALSE
2017-02-11,337,410,328,492,FALSE
2017-02-12,337,404,323,485,FALSE
2017-02-13,481,513,410,615,FALSE
2017-02-14,554,538,430,646,FALSE
2017-02-15,617,546,437,656,FALSE
2017-02-16,707,848,679,1018,FALSE
2017-02-17,517,501,401,601,FALSE
2017-02-18,351,417,334,500,FALSE
2017-02-19,374,416,333,499,FALSE
2017-02-20,546,543,435,652,FALSE
2017-02-21,780,572,457,686,TRUE
2017-02-22,682,583,466,699,FALSE
2017-02-23,592,578,462,693,FALSE
2017-02-24,596,529,423,635,FALSE
2017-02-25,344,275,220,330,FALSE
2017-02-26,357,431,345,517,FALSE
2017-02-27,722,866,693,1040,FALSE
2017-02-28,502,606,485,727,FALSE
2017-03-01,281,641,512,769,TRUE
2017-03-02,750,663,530,796,FALSE
2017-03-03,655,645,516,775,FALSE
2017-03-04,611,566,453,679,FALSE
2017-03-05,423,338,271,406,FALSE
2017-03-06,618,676,541,811,FALSE
2017-03-07,755,687,550,825,FALSE
2017-03-08,712,673,538,808,FALSE
2017-03-09,871,645,516,774,TRUE
2017-03-10,598,590,472,708,FALSE
2017-03-11,457,488,390,585,FALSE
2017-03-12,375,300,240,360,FALSE
2017-03-13,619,595,476,714,FALSE
2017-03-14,591,615,492,738,FALSE
2017-03-15,684,617,494,741,FALSE
2017-03-16,634,608,486,729,FALSE
2017-03-17,553,570,456,685,FALSE
2017-03-18,378,302,242,363,FALSE
2017-03-19,397,318,254,381,FALSE
2017-03-20,720,634,507,761,FALSE
2017-03-21,686,666,533,799,FALSE
2017-03-22,725,664,531,796,FALSE
2017-03-23,662,650,520,779,FALSE
2017-03-24,597,602,481,722,FALSE
2017-03-25,438,508,406,610,FALSE
2017-03-26,418,509,407,610,FALSE
2017-03-27,812,974,780,1169,FALSE
2017-03-28,721,650,520,779,FALSE
2017-03-29,697,658,527,790,FALSE
2017-03-30,616,654,523,785,FALSE
2017-03-31,611,622,498,747,FALSE
2017-04-01,451,555,444,666,FALSE
2017-04-02,344,573,459,688,TRUE
2017-04-03,765,706,565,847,FALSE
2017-04-04,804,747,598,896,FALSE
2017-04-05,679,749,599,899,FALSE
2017-04-06,780,739,591,887,FALSE
2017-04-07,693,696,557,835,FALSE
2017-04-08,622,606,485,728,FALSE
2017-04-09,512,589,471,707,FALSE
2017-04-10,792,686,549,823,FALSE
2017-04-11,845,1014,811,1217,FALSE
2017-04-12,649,638,511,766,FALSE
2017-04-13,624,604,483,725,FALSE
2017-04-14,431,345,276,414,FALSE
2017-04-15,394,458,367,550,FALSE
2017-04-16,402,458,367,550,FALSE
2017-04-17,625,592,473,710,FALSE
2017-04-18,641,630,504,756,FALSE
2017-04-19,810,972,778,1166,FALSE
2017-04-20,711,656,525,787,FALSE
2017-04-21,585,625,500,750,FALSE
2017-04-22,510,548,438,657,FALSE
2017-04-23,560,540,432,649,FALSE
2017-04-24,780,936,749,1123,FALSE
2017-04-25,1179,658,526,790,TRUE
2017-04-26,624,651,521,781,FALSE
2017-04-27,640,624,499,749,FALSE
2017-04-28,606,570,456,684,FALSE
2017-04-29,448,486,389,584,FALSE
2017-04-30,441,486,389,583,FALSE
2017-05-01,564,604,483,725,FALSE
2017-05-02,750,627,502,752,FALSE
2017-05-03,649,632,505,758,FALSE
2017-05-04,651,625,500,749,FALSE
2017-05-05,590,592,474,711,FALSE
2017-05-06,411,329,263,395,FALSE
2017-05-07,408,326,261,392,FALSE
2017-05-08,688,662,529,794,FALSE
2017-05-09,713,705,564,846,FALSE
2017-05-10,773,730,584,876,FALSE
2017-05-11,917,1100,880,1320,FALSE
2017-05-12,711,734,587,881,FALSE
2017-05-13,447,684,547,821,TRUE
2017-05-14,496,717,573,860,TRUE
2017-05-15,843,864,691,1036,FALSE
2017-05-16,974,905,724,1087,FALSE
2017-05-17,1115,895,716,1074,TRUE
2017-05-18,961,873,699,1048,FALSE
2017-05-19,814,818,655,982,FALSE
2017-05-20,667,718,574,861,FALSE
2017-05-21,541,433,346,519,FALSE
2017-05-22,1032,771,617,926,TRUE
2017-05-23,1044,762,610,915,TRUE
2017-05-24,894,1073,858,1287,FALSE
2017-05-25,750,720,576,864,FALSE
2017-05-26,602,676,541,811,FALSE
2017-05-27,608,588,470,706,FALSE
2017-05-28,597,583,466,700,FALSE
2017-05-29,654,698,558,837,FALSE
2017-05-30,928,710,568,852,TRUE
2017-05-31,746,705,564,846,FALSE
2017-06-01,803,682,545,818,FALSE
2017-06-02,613,635,508,762,FALSE
2017-06-03,397,318,254,381,FALSE
2017-06-04,434,347,278,417,FALSE
2017-06-05,661,657,526,789,FALSE
2017-06-06,710,678,542,814,FALSE
2017-06-07,787,681,545,818,FALSE
2017-06-08,686,670,536,804,FALSE
2017-06-09,585,631,505,758,FALSE
2017-06-10,474,556,445,667,FALSE
2017-06-11,427,342,273,410,FALSE
2017-06-12,784,700,560,839,FALSE
2017-06-13,890,1068,854,1282,FALSE
2017-06-14,776,754,603,905,FALSE
2017-06-15,703,756,605,907,FALSE
2017-06-16,735,726,580,871,FALSE
2017-06-17,459,367,294,441,FALSE
2017-06-18,505,404,323,485,FALSE
2017-06-19,828,788,630,945,FALSE
2017-06-20,857,799,640,959,FALSE
2017-06-21,793,794,635,953,FALSE
2017-06-22,1052,753,602,903,TRUE
2017-06-23,700,684,547,820,FALSE
2017-06-24,420,336,269,403,FALSE
2017-06-25,484,549,439,659,FALSE
2017-06-26,689,657,526,789,FALSE
2017-06-27,686,671,536,805,FALSE
2017-06-28,650,665,532,798,FALSE
2017-06-29,938,646,517,775,TRUE
2017-06-30,686,600,480,720,FALSE
2017-07-01,418,506,405,607,FALSE
2017-07-02,381,305,244,366,FALSE
2017-07-03,635,630,504,756,FALSE
2017-07-04,656,664,531,797,FALSE
2017-07-05,713,681,545,817,FALSE
2017-07-06,871,1045,836,1254,FALSE
2017-07-07,666,685,548,822,FALSE
2017-07-08,529,625,500,750,FALSE
2017-07-09,671,649,519,778,FALSE
2017-07-10,811,770,616,924,FALSE
2017-07-11,829,797,637,956,FALSE
2017-07-12,906,796,637,955,FALSE
2017-07-13,722,783,627,940,FALSE
2017-07-14,590,727,582,873,FALSE
2017-07-15,418,635,508,762,TRUE
2017-07-16,0,625,500,750,TRUE
2017-07-17,750,730,584,876,FALSE
2017-07-18,942,727,582,873,TRUE
2017-07-19,944,707,566,849,TRUE
2017-07-20,866,1039,831,1247,FALSE
2017-07-21,678,606,485,727,FALSE
2017-07-22,436,522,418,627,FALSE
2017-07-23,510,521,417,626,FALSE
2017-07-24,598,631,505,758,FALSE
2017-07-25,695,646,517,776,FALSE
2017-07-26,750,630,504,756,FALSE
2017-07-27,824,601,481,721,TRUE
2017-07-28,536,544,435,652,FALSE
2017-07-29,314,251,201,301,FALSE
2017-07-30,369,442,354,531,FALSE
2017-07-31,577,560,448,673,FALSE
2017-08-01,589,583,467,700,FALSE
2017-08-02,689,589,471,707,FALSE
2017-08-03,657,571,457,686,FALSE
2017-08-04,481,526,421,632,FALSE
2017-08-05,361,437,350,524,FALSE
2017-08-06,423,431,344,517,FALSE
2017-08-07,529,556,445,667,FALSE
2017-08-08,577,587,469,704,FALSE
2017-08-09,663,594,476,713,FALSE
2017-08-10,732,878,703,1054,FALSE
2017-08-11,584,546,437,656,FALSE
2017-08-12,416,456,365,548,FALSE
2017-08-13,392,454,363,545,FALSE
2017-08-14,567,566,452,679,FALSE
2017-08-15,534,594,475,713,FALSE
2017-08-16,670,605,484,726,FALSE
2017-08-17,668,608,486,729,FALSE
2017-08-18,480,582,466,699,FALSE
2017-08-19,558,510,408,612,FALSE
2017-08-20,443,521,417,625,FALSE
2017-08-21,629,647,518,776,FALSE
2017-08-22,786,679,543,814,FALSE
2017-08-23,680,685,548,822,FALSE
2017-08-24,712,680,544,816,FALSE
2017-08-25,657,643,514,772,FALSE
2017-08-26,481,560,448,672,FALSE
2017-08-27,319,575,460,690,TRUE
2017-08-28,534,427,342,513,FALSE
2017-08-29,745,740,592,888,FALSE
2017-08-30,867,758,606,909,FALSE
2017-08-31,743,734,587,881,FALSE
2017-09-01,0,676,541,811,TRUE
2017-09-02,0,572,458,686,TRUE
2017-09-03,533,551,441,661,FALSE
2017-09-04,637,660,528,792,FALSE
2017-09-05,1456,700,560,840,TRUE
2017-09-06,1364,722,577,866,TRUE
2017-09-07,1106,732,585,878,TRUE
2017-09-08,684,714,571,857,FALSE
2017-09-09,478,382,306,459,FALSE
2017-09-10,478,693,555,832,TRUE
2017-09-11,899,823,658,987,FALSE
2017-09-12,808,847,677,1016,FALSE
2017-09-13,885,854,683,1024,FALSE
2017-09-14,811,838,671,1006,FALSE
2017-09-15,815,796,637,955,FALSE
2017-09-16,530,424,339,509,FALSE
2017-09-17,349,704,563,844,TRUE
2017-09-18,825,814,651,977,FALSE
2017-09-19,790,831,664,997,FALSE
2017-09-20,883,831,665,997,FALSE
2017-09-21,805,819,655,983,FALSE
2017-09-22,574,459,367,551,FALSE
2017-09-23,477,382,305,458,FALSE
2017-09-24,405,645,516,774,TRUE
2017-09-25,773,730,584,876,FALSE
2017-09-26,795,741,593,890,FALSE
2017-09-27,662,735,588,882,FALSE
2017-09-28,682,720,576,864,FALSE
2017-09-29,692,677,542,812,FALSE
2017-09-30,428,342,274,411,FALSE
2017-10-01,447,358,286,429,FALSE
2017-10-02,771,794,635,953,FALSE
2017-10-03,732,857,686,1029,FALSE
2017-10-04,889,880,704,1056,FALSE
2017-10-05,928,892,713,1070,FALSE
2017-10-06,956,887,710,1065,FALSE
2017-10-07,478,820,656,983,TRUE
2017-10-08,442,835,668,1002,TRUE
2017-10-09,981,965,772,1158,FALSE
2017-10-10,1042,974,779,1169,FALSE
2017-10-11,868,966,773,1160,FALSE
2017-10-12,983,940,752,1128,FALSE
2017-10-13,862,887,709,1064,FALSE
2017-10-14,504,755,604,906,TRUE
2017-10-15,573,706,565,847,FALSE
2017-10-16,982,786,629,943,TRUE
2017-10-17,1132,772,618,926,TRUE
2017-10-18,762,740,592,888,FALSE
2017-10-19,924,746,596,895,TRUE
2017-10-20,606,723,578,868,FALSE
2017-10-21,559,679,543,815,FALSE
2017-10-22,507,719,575,863,TRUE
2017-10-23,894,874,699,1048,FALSE
2017-10-24,1014,908,726,1090,FALSE
2017-10-25,949,925,740,1110,FALSE
2017-10-26,884,910,728,1092,FALSE
2017-10-27,850,868,694,1041,FALSE
2017-10-28,509,770,616,924,TRUE
2017-10-29,439,755,604,906,TRUE
2017-10-30,879,854,684,1025,FALSE
2017-10-31,865,861,689,1034,FALSE
2017-11-01,852,855,684,1026,FALSE
2017-11-02,1136,843,674,1011,TRUE
2017-11-03,724,802,642,963,FALSE
2017-11-04,422,731,585,877,TRUE
2017-11-05,506,742,594,891,TRUE
2017-11-06,938,868,695,1042,FALSE
2017-11-07,817,883,706,1059,FALSE
2017-11-08,956,880,704,1056,FALSE
2017-11-09,901,854,684,1025,FALSE
2017-11-10,725,801,641,961,FALSE
2017-11-11,533,426,341,512,FALSE
2017-11-12,581,698,558,837,FALSE
2017-11-13,846,806,645,967,FALSE
2017-11-14,907,820,656,984,FALSE
2017-11-15,806,810,648,972,FALSE
2017-11-16,990,786,629,943,TRUE
2017-11-17,728,735,588,882,FALSE
2017-11-18,561,636,509,763,FALSE
2017-11-19,649,623,499,748,FALSE
2017-11-20,971,718,575,862,TRUE
2017-11-21,908,1090,872,1308,FALSE
2017-11-22,807,696,556,835,FALSE
2017-11-23,646,676,541,812,FALSE
2017-11-24,518,629,503,755,FALSE
2017-11-25,526,556,445,667,FALSE
2017-11-26,570,566,453,679,FALSE
2017-11-27,1043,713,570,856,TRUE
2017-11-28,818,766,613,919,FALSE
2017-11-29,982,1178,943,1414,FALSE
2017-11-30,767,820,656,984,FALSE
2017-12-01,821,806,645,968,FALSE
2017-12-02,564,451,361,541,FALSE
2017-12-03,729,773,619,928,FALSE
2017-12-04,931,913,731,1096,FALSE
2017-12-05,1012,950,760,1140,FALSE
2017-12-06,1146,969,775,1163,FALSE
2017-12-07,971,961,769,1153,FALSE
2017-12-08,697,899,719,1079,TRUE
2017-12-09,547,792,633,950,TRUE
2017-12-10,846,768,614,921,FALSE
2017-12-11,900,860,688,1032,FALSE
2017-12-12,814,858,686,1029,FALSE
2017-12-13,791,811,649,973,FALSE
2017-12-14,1114,757,606,909,TRUE
2017-12-15,1054,676,540,811,TRUE
2017-12-16,495,548,438,658,FALSE
2017-12-17,529,523,419,628,FALSE
2017-12-18,666,613,490,735,FALSE
2017-12-19,721,602,481,722,FALSE
2017-12-20,482,574,459,688,FALSE
2017-12-21,592,522,417,626,FALSE
2017-12-22,402,442,354,530,FALSE
2017-12-23,345,331,265,397,FALSE
2017-12-24,240,192,154,230,FALSE
2017-12-25,237,190,152,228,FALSE
2017-12-26,416,411,329,493,FALSE
2017-12-27,387,413,331,496,FALSE
2017-12-28,414,404,323,485,FALSE
2017-12-29,401,371,297,446,FALSE
2017-12-30,301,293,235,352,FALSE
2017-12-31,193,154,124,185,FALSE
2018-01-01,242,194,155,232,FALSE
2018-01-02,509,467,374,561,FALSE
2018-01-03,474,483,387,580,FALSE
2018-01-04,489,483,386,579,FALSE
2018-01-05,0,456,365,548,TRUE
2018-01-06,386,384,307,461,FALSE
2018-01-07,366,397,318,477,FALSE
2018-01-08,485,522,418,627,FALSE
2018-01-09,600,553,442,663,FALSE
2018-01-10,603,560,448,672,FALSE
2018-01-11,550,555,444,666,FALSE
2018-01-12,542,520,416,624,FALSE
2018-01-13,370,439,351,527,FALSE
2018-01-14,404,448,359,538,FALSE
2018-01-15,623,572,458,686,FALSE
2018-01-16,568,602,482,723,FALSE
2018-01-17,736,615,492,739,FALSE
2018-01-18,715,611,488,733,FALSE
2018-01-19,513,578,462,694,FALSE
2018-01-20,455,498,398,597,FALSE
2018-01-21,485,500,400,600,FALSE
2018-01-22,658,626,501,751,FALSE
2018-01-23,1073,650,520,780,TRUE
2018-01-24,689,657,525,788,FALSE
2018-01-25,754,645,516,774,FALSE
2018-01-26,578,606,485,727,FALSE
2018-01-27,409,327,262,393,FALSE
2018-01-28,400,320,256,384,FALSE
2018-01-29,659,649,519,779,FALSE
2018-01-30,768,676,541,811,FALSE
2018-01-31,767,686,548,823,FALSE
2018-02-01,647,673,538,807,FALSE
2018-02-02,510,632,506,758,FALSE
2018-02-03,563,545,436,653,FALSE
2018-02-04,538,540,432,648,FALSE
2018-02-05,623,659,527,791,FALSE
2018-02-06,781,683,546,819,FALSE
2018-02-07,660,689,551,826,FALSE
2018-02-08,687,683,546,819,FALSE
2018-02-09,0,655,524,786,TRUE
2018-02-10,0,581,465,697,TRUE
2018-02-11,388,310,248,372,FALSE
2018-02-12,757,703,563,844,FALSE
2018-02-13,763,710,568,852,FALSE
2018-02-14,609,699,559,839,FALSE
2018-02-15,682,666,533,800,FALSE
2018-02-16,662,606,485,727,FALSE
2018-02-17,472,511,409,614,FALSE
2018-02-18,376,301,241,361,FALSE
2018-02-19,578,606,484,727,FALSE
2018-02-20,680,616,493,739,FALSE
2018-02-21,883,631,505,758,TRUE
2018-02-22,849,635,508,762,TRUE
2018-02-23,0,610,488,732,TRUE
2018-02-24,0,540,432,648,TRUE
2018-02-25,502,553,442,664,FALSE
2018-02-26,960,669,535,803,TRUE
2018-02-27,801,691,552,829,FALSE
2018-02-28,845,1014,811,1217,FALSE
2018-03-01,605,676,541,812,FALSE
2018-03-02,647,636,509,763,FALSE
2018-03-03,525,560,448,672,FALSE
2018-03-04,426,341,273,409,FALSE
2018-03-05,802,689,551,827,FALSE
2018-03-06,743,716,573,859,FALSE
2018-03-07,736,702,561,842,FALSE
2018-03-08,780,676,541,811,FALSE
2018-03-09,535,613,491,736,FALSE
2018-03-10,436,505,404,606,FALSE
2018-03-11,342,274,219,328,FALSE
2018-03-12,543,618,495,742,FALSE
2018-03-13,721,655,524,786,FALSE
2018-03-14,687,675,540,810,FALSE
2018-03-15,831,997,798,1197,FALSE
2018-03-16,620,678,542,813,FALSE
2018-03-17,380,631,505,757,TRUE
2018-03-18,566,667,534,801,FALSE
2018-03-19,871,796,637,955,FALSE
2018-03-20,878,830,664,996,FALSE
2018-03-21,902,821,657,985,FALSE
2018-03-22,791,799,640,959,FALSE
2018-03-23,576,461,369,553,FALSE
2018-03-24,607,616,493,740,FALSE
2018-03-25,445,356,285,427,FALSE
2018-03-26,749,680,544,816,FALSE
2018-03-27,665,678,542,813,FALSE
2018-03-28,720,658,527,790,FALSE
2018-03-29,622,626,501,751,FALSE
2018-03-30,429,343,275,412,FALSE
2018-03-31,404,478,382,574,FALSE
2018-04-01,432,474,379,569,FALSE
2018-04-02,601,599,479,718,FALSE
2018-04-03,680,629,503,754,FALSE
2018-04-04,687,638,510,765,FALSE
2018-04-05,627,635,508,762,FALSE
2018-04-06,582,595,476,714,FALSE
2018-04-07,463,510,408,612,FALSE
2018-04-08,547,507,406,608,FALSE
2018-04-09,921,624,500,749,TRUE
2018-04-10,963,647,518,776,TRUE
2018-04-11,856,652,522,783,TRUE
2018-04-12,611,646,517,775,FALSE
2018-04-13,632,613,491,736,FALSE
2018-04-14,512,547,438,657,FALSE
2018-04-15,404,323,259,388,FALSE
2018-04-16,737,688,551,826,FALSE
2018-04-17,801,717,574,861,FALSE
2018-04-18,720,709,567,850,FALSE
2018-04-19,722,688,550,826,FALSE
2018-04-20,604,637,509,764,FALSE
2018-04-21,462,540,432,648,FALSE
2018-04-22,498,544,435,652,FALSE
2018-04-23,682,662,529,794,FALSE
2018-04-24,983,690,552,828,TRUE
2018-04-25,764,701,561,842,FALSE
2018-04-26,795,678,542,813,FALSE
2018-04-27,639,626,501,752,FALSE
2018-04-28,481,525,420,630,FALSE
2018-04-29,458,508,406,609,FALSE
2018-04-30,633,616,492,739,FALSE
2018-05-01,562,629,503,755,FALSE
2018-05-02,770,924,739,1109,FALSE
2018-05-03,633,625,500,750,FALSE
2018-05-04,599,598,478,718,FALSE
2018-05-05,461,525,420,630,FALSE
2018-05-06,0,529,423,635,TRUE
2018-05-07,712,647,518,777,FALSE
2018-05-08,695,669,535,802,FALSE
2018-05-09,641,673,538,807,FALSE
2018-05-10,666,654,523,784,FALSE
2018-05-11,597,607,485,728,FALSE
2018-05-12,0,530,424,635,TRUE
2018-05-13,418,334,268,401,FALSE
2018-05-14,832,998,799,1198,FALSE
2018-05-15,687,693,555,832,FALSE
2018-05-16,736,694,555,832,FALSE
2018-05-17,732,682,546,819,FALSE
2018-05-18,493,394,316,473,FALSE
2018-05-19,0,542,434,651,TRUE
2018-05-20,457,533,426,639,FALSE
2018-05-21,679,639,511,767,FALSE
2018-05-22,672,655,524,786,FALSE
2018-05-23,687,653,522,784,FALSE
2018-05-24,626,628,502,753,FALSE
2018-05-25,583,575,460,690,FALSE
2018-05-26,330,264,211,317,FALSE
2018-05-27,0,449,359,538,TRUE
2018-05-28,508,545,436,654,FALSE
2018-05-29,562,553,442,663,FALSE
2018-05-30,600,557,446,669,FALSE
2018-05-31,483,550,440,661,FALSE
2018-06-01,547,521,417,626,FALSE
2018-06-02,410,447,357,536,FALSE
2018-06-03,443,459,367,551,FALSE
2018-06-04,591,586,469,703,FALSE
2018-06-05,710,614,491,737,FALSE
2018-06-06,619,624,499,749,FALSE
2018-06-07,612,610,488,732,FALSE
2018-06-08,615,568,455,682,FALSE
2018-06-09,352,282,225,338,FALSE
2018-06-10,393,479,384,575,FALSE
2018-06-11,650,586,469,704,FALSE
2018-06-12,639,599,479,718,FALSE
2018-06-13,793,593,474,712,TRUE
2018-06-14,576,576,461,691,FALSE
2018-06-15,483,522,418,626,FALSE
2018-06-16,491,422,338,507,FALSE
2018-06-17,349,416,333,500,FALSE
2018-06-18,517,525,420,630,FALSE
2018-06-19,572,543,435,652,FALSE
2018-06-20,481,544,435,653,FALSE
2018-06-21,598,530,424,636,FALSE
2018-06-22,489,488,391,586,FALSE
2018-06-23,431,397,317,476,FALSE
2018-06-24,253,202,162,243,FALSE
2018-06-25,497,493,394,592,FALSE
2018-06-26,451,503,403,604,FALSE
2018-06-27,574,492,394,590,FALSE
2018-06-28,529,469,375,563,FALSE
2018-06-29,398,425,340,510,FALSE
2018-06-30,268,334,268,401,FALSE
2018-07-01,242,194,155,232,FALSE
2018-07-02,488,458,367,550,FALSE
2018-07-03,470,499,399,599,FALSE
2018-07-04,541,522,418,626,FALSE
2018-07-05,550,520,416,624,FALSE
2018-07-06,571,491,393,589,FALSE
2018-07-07,0,395,316,474,TRUE
2018-07-08,0,382,305,458,TRUE
2018-07-09,443,483,386,580,FALSE
2018-07-10,459,486,389,583,FALSE
2018-07-11,588,706,564,847,FALSE
2018-07-12,463,467,374,561,FALSE
2018-07-13,438,437,349,524,FALSE
2018-07-14,291,360,288,432,FALSE
2018-07-15,222,178,142,213,FALSE
2018-07-16,595,714,571,857,FALSE
2018-07-17,605,508,407,610,FALSE
2018-07-18,519,512,410,615,FALSE
2018-07-19,465,499,399,599,FALSE
2018-07-20,423,458,366,549,FALSE
2018-07-21,360,390,312,468,FALSE
2018-07-22,312,250,200,300,FALSE
2018-07-23,618,541,433,650,FALSE
2018-07-24,613,583,466,700,FALSE
2018-07-25,651,588,471,706,FALSE
2018-07-26,606,582,466,698,FALSE
2018-07-27,494,525,420,629,FALSE
2018-07-28,0,421,336,505,TRUE
2018-07-29,296,237,189,284,FALSE
2018-07-30,556,493,394,591,FALSE
2018-07-31,507,507,406,608,FALSE
2018-08-01,473,504,403,604,FALSE
2018-08-02,512,494,395,592,FALSE
2018-08-03,696,470,376,564,TRUE
2018-08-04,291,233,186,279,FALSE
2018-08-05,254,203,163,244,FALSE
2018-08-06,556,561,449,674,FALSE
2018-08-07,685,597,478,717,FALSE
2018-08-08,640,593,474,711,FALSE
2018-08-09,605,576,461,692,FALSE
2018-08-10,362,290,232,348,FALSE
2018-08-11,420,407,325,488,FALSE
2018-08-12,350,386,309,463,FALSE
2018-08-13,491,480,384,576,FALSE
2018-08-14,503,505,404,606,FALSE
2018-08-15,436,513,411,616,FALSE
2018-08-16,415,332,266,398,FALSE
2018-08-17,567,512,409,614,FALSE
2018-08-18,459,453,363,544,FALSE
2018-08-19,480,478,382,574,FALSE
2018-08-20,642,596,477,715,FALSE
2018-08-21,661,619,495,743,FALSE
2018-08-22,609,610,488,732,FALSE
2018-08-23,541,589,471,707,FALSE
2018-08-24,615,539,431,647,FALSE
2018-08-25,387,443,354,531,FALSE
2018-08-26,384,437,350,525,FALSE
2018-08-27,716,859,687,1031,FALSE
2018-08-28,584,559,447,670,FALSE
2018-08-29,615,554,443,664,FALSE
2018-08-30,482,533,426,639,FALSE
2018-08-31,0,486,389,583,TRUE
2018-09-01,370,393,314,472,FALSE
2018-09-02,389,386,308,463,FALSE
2018-09-03,489,502,402,602,FALSE
2018-09-04,510,524,419,629,FALSE
2018-09-05,579,515,412,618,FALSE
2018-09-06,599,719,575,863,FALSE
2018-09-07,407,449,359,539,FALSE
2018-09-08,268,214,172,257,FALSE
2018-09-09,309,354,283,425,FALSE
2018-09-10,501,465,372,558,FALSE
2018-09-11,529,497,397,596,FALSE
2018-09-12,460,511,409,613,FALSE
2018-09-13,534,518,414,622,FALSE
2018-09-14,684,821,657,985,FALSE
2018-09-15,421,447,358,537,FALSE
2018-09-16,303,242,194,291,FALSE
2018-09-17,676,595,476,714,FALSE
2018-09-18,689,615,492,738,FALSE
2018-09-19,656,598,479,718,FALSE
2018-09-20,539,569,456,683,FALSE
2018-09-21,480,517,414,621,FALSE
2018-09-22,355,419,335,503,FALSE
2018-09-23,356,428,342,513,FALSE
2018-09-24,565,551,441,661,FALSE
2018-09-25,626,585,468,702,FALSE
2018-09-26,612,601,481,721,FALSE
2018-09-27,645,601,481,722,FALSE
2018-09-28,555,574,459,689,FALSE
2018-09-29,394,315,252,378,FALSE
2018-09-30,342,274,219,328,FALSE
2018-10-01,754,655,524,786,FALSE
2018-10-02,796,690,552,828,FALSE
2018-10-03,644,685,548,822,FALSE
2018-10-04,697,669,535,802,FALSE
2018-10-05,632,627,501,752,FALSE
2018-10-06,448,539,431,646,FALSE
2018-10-07,468,539,432,647,FALSE
2018-10-08,749,654,524,785,FALSE
2018-10-09,783,665,532,798,FALSE
2018-10-10,714,658,526,790,FALSE
2018-10-11,495,396,317,475,FALSE
2018-10-12,528,578,462,694,FALSE
2018-10-13,350,280,224,336,FALSE
2018-10-14,425,515,412,618,FALSE
2018-10-15,677,650,520,780,FALSE
2018-10-16,779,690,552,828,FALSE
2018-10-17,767,703,562,844,FALSE
2018-10-18,623,704,564,845,FALSE
2018-10-19,675,656,525,788,FALSE
2018-10-20,317,577,461,692,TRUE
2018-10-21,0,580,464,696,TRUE
2018-10-22,610,698,558,837,FALSE
2018-10-23,987,727,582,873,TRUE
2018-10-24,806,739,592,887,FALSE
2018-10-25,755,726,581,871,FALSE
2018-10-26,717,685,548,822,FALSE
2018-10-27,477,591,473,709,FALSE
2018-10-28,440,352,282,422,FALSE
2018-10-29,716,672,538,807,FALSE
2018-10-30,838,1006,804,1207,FALSE
2018-10-31,701,648,518,777,FALSE
2018-11-01,636,613,491,736,FALSE
2018-11-02,437,350,280,420,FALSE
2018-11-03,382,455,364,547,FALSE
2018-11-04,415,458,366,550,FALSE
2018-11-05,701,841,673,1009,FALSE
2018-11-06,547,612,490,735,FALSE
2018-11-07,713,632,506,759,FALSE
2018-11-08,618,634,507,761,FALSE
2018-11-09,623,609,487,730,FALSE
2018-11-10,352,282,225,338,FALSE
2018-11-11,306,561,448,673,TRUE
2018-11-12,668,693,555,832,FALSE
2018-11-13,754,733,586,879,FALSE
2018-11-14,1025,732,585,878,TRUE
2018-11-15,868,1042,833,1250,FALSE
2018-11-16,713,670,536,804,FALSE
2018-11-17,541,575,460,691,FALSE
2018-11-18,402,322,257,386,FALSE
2018-11-19,668,652,521,782,FALSE
2018-11-20,1055,650,520,780,TRUE
2018-11-21,682,631,505,757,FALSE
2018-11-22,591,621,497,745,FALSE
2018-11-23,524,583,467,700,FALSE
2018-11-24,407,326,260,391,FALSE
2018-11-25,362,290,232,348,FALSE
2018-11-26,739,708,566,849,FALSE
2018-11-27,830,760,608,912,FALSE
2018-11-28,779,765,612,918,FALSE
2018-11-29,755,758,606,909,FALSE
2018-11-30,697,702,561,842,FALSE
2018-12-01,327,595,476,714,TRUE
2018-12-02,394,315,252,378,FALSE
2018-12-03,644,659,527,790,FALSE
2018-12-04,835,641,513,769,TRUE
2018-12-05,1059,605,484,727,TRUE
2018-12-06,819,558,447,670,TRUE
2018-12-07,493,484,387,580,FALSE
2018-12-08,373,416,333,499,FALSE
2018-12-09,375,432,345,518,FALSE
2018-12-10,758,910,728,1092,FALSE
2018-12-11,651,607,486,729,FALSE
2018-12-12,654,619,495,743,FALSE
2018-12-13,632,619,495,743,FALSE
2018-12-14,582,573,459,688,FALSE
2018-12-15,464,482,385,578,FALSE
2018-12-16,454,458,367,550,FALSE
2018-12-17,674,809,647,971,FALSE
2018-12-18,529,533,426,639,FALSE
2018-12-19,560,498,399,598,FALSE
2018-12-20,413,453,362,544,FALSE
2018-12-21,329,380,304,456,FALSE
2018-12-22,290,263,211,316,FALSE
2018-12-23,249,230,184,275,FALSE
2018-12-24,217,174,139,208,FALSE
2018-12-25,209,167,134,201,FALSE
2018-12-26,338,333,267,400,FALSE
2018-12-27,338,324,259,389,FALSE
2018-12-28,261,299,239,359,FALSE
2018-12-29,263,228,182,274,FALSE
2018-12-30,225,242,194,290,FALSE
2018-12-31,400,370,296,444,FALSE
2019-01-01,322,258,206,309,FALSE
2019-01-02,456,420,336,504,FALSE
2019-01-03,435,419,335,503,FALSE
2019-01-04,410,391,312,469,FALSE
2019-01-05,312,310,248,372,FALSE
2019-01-06,287,313,251,376,FALSE
2019-01-07,438,422,338,506,FALSE
2019-01-08,480,436,349,523,FALSE
2019-01-09,417,435,348,522,FALSE
2019-01-10,389,423,338,507,FALSE
2019-01-11,644,393,314,471,TRUE
2019-01-12,272,317,253,380,FALSE
2019-01-13,326,328,263,394,FALSE
2019-01-14,507,454,363,545,FALSE
2019-01-15,498,478,382,574,FALSE
2019-01-16,470,485,388,582,FALSE
2019-01-17,477,475,380,570,FALSE
2019-01-18,698,442,354,531,TRUE
2019-01-19,322,363,291,436,FALSE
2019-01-20,364,373,298,447,FALSE
2019-01-21,496,495,396,594,FALSE
2019-01-22,536,523,418,627,FALSE
2019-01-23,612,520,416,624,FALSE
2019-01-24,494,505,404,606,FALSE
2019-01-25,519,450,360,541,FALSE
2019-01-26,246,197,157,236,FALSE
2019-01-27,267,214,171,256,FALSE
2019-01-28,734,451,361,541,TRUE
2019-01-29,462,468,375,562,FALSE
2019-01-30,667,800,640,960,FALSE
2019-01-31,517,462,370,555,FALSE
2019-02-01,471,419,335,503,FALSE
2019-02-02,296,329,263,394,FALSE
2019-02-03,253,202,162,243,FALSE
2019-02-04,442,438,351,526,FALSE
2019-02-05,404,461,369,553,FALSE
2019-02-06,503,477,382,573,FALSE
2019-02-07,483,482,386,579,FALSE
2019-02-08,498,464,371,557,FALSE
2019-02-09,369,400,320,480,FALSE
2019-02-10,383,417,334,501,FALSE
2019-02-11,680,816,653,979,FALSE
2019-02-12,599,577,462,692,FALSE
2019-02-13,582,588,470,705,FALSE
2019-02-14,639,574,459,689,FALSE
2019-02-15,513,533,426,640,FALSE
2019-02-16,315,252,202,302,FALSE
2019-02-17,369,459,367,551,FALSE
2019-02-18,632,583,466,700,FALSE
2019-02-19,629,612,490,734,FALSE
2019-02-20,637,610,488,732,FALSE
2019-02-21,635,597,478,716,FALSE
2019-02-22,574,541,432,649,FALSE
2019-02-23,345,276,221,331,FALSE
2019-02-24,283,226,181,272,FALSE
2019-02-25,517,518,414,622,FALSE
2019-02-26,558,533,427,640,FALSE
2019-02-27,743,531,425,637,TRUE
2019-02-28,746,517,413,620,TRUE
2019-03-01,500,475,380,569,FALSE
2019-03-02,351,395,316,474,FALSE
2019-03-03,376,399,319,479,FALSE
2019-03-04,740,518,415,622,TRUE
2019-03-05,709,851,681,1021,FALSE
2019-03-06,625,548,439,658,FALSE
2019-03-07,504,542,433,650,FALSE
2019-03-08,493,507,406,608,FALSE
2019-03-09,371,426,341,512,FALSE
2019-03-10,444,453,362,544,FALSE
2019-03-11,797,592,474,711,TRUE
2019-03-12,765,918,734,1102,FALSE
2019-03-13,686,663,530,795,FALSE
2019-03-14,679,652,521,782,FALSE
2019-03-15,620,613,490,735,FALSE
2019-03-16,428,520,416,625,FALSE
2019-03-17,489,511,409,613,FALSE
2019-03-18,721,608,487,730,FALSE
2019-03-19,690,610,488,732,FALSE
2019-03-20,570,598,478,717,FALSE
2019-03-21,473,573,459,688,FALSE
2019-03-22,535,528,423,634,FALSE
2019-03-23,422,438,350,525,FALSE
2019-03-24,425,451,361,542,FALSE
2019-03-25,776,578,462,693,TRUE
2019-03-26,691,609,487,731,FALSE
2019-03-27,885,619,495,742,TRUE
2019-03-28,757,908,727,1090,FALSE
2019-03-29,512,583,466,699,FALSE
2019-03-30,432,513,410,616,FALSE
2019-03-31,318,525,420,631,TRUE
2019-04-01,678,652,522,783,FALSE
2019-04-02,707,683,546,820,FALSE
2019-04-03,814,688,550,825,FALSE
2019-04-04,775,680,544,817,FALSE
2019-04-05,518,645,516,774,FALSE
